mfcc_1,mfcc_2,mfcc_3,mfcc_4,mfcc_5,mfcc_6,mfcc_7,mfcc_8,mfcc_9,mfcc_10,mfcc_11,mfcc_12,mfcc_13,mfcc_14,mfcc_15,mfcc_16,mfcc_17,mfcc_18,mfcc_19,mfcc_20,mfcc_21,mfcc_22,mfcc_23,mfcc_24,mfcc_25,mfcc_26,mfcc_27,mfcc_28,mfcc_29,mfcc_30,mfcc_31,mfcc_32,mfcc_33,mfcc_34,mfcc_35,mfcc_36,mfcc_37,mfcc_38,mfcc_39,mfcc_40,label
-353.8945,110.13714,22.485777,12.943505,-2.7674077,-16.105215,-15.346338,-7.141162,4.356388,2.74958,-11.778132,-6.3007503,6.8681006,0.63713205,-5.4761596,-3.6727111,-3.2474854,-8.412546,-10.7460375,-0.07819003,-4.149005,-6.288574,-2.0800335,-2.8202605,-0.6047646,-4.337592,-0.19981745,0.708649,-1.9159127,-1.8637373,-3.1478636,-4.7117314,-0.7765457,-2.7479625,-0.19204327,-3.5708287,-4.324473,0.032556623,-3.5782816,-4.738324,buka
-357.25,130.46901,0.6740826,0.786324,-4.007336,-13.4549,-15.142923,-4.5395684,11.625637,-4.350885,-8.141442,2.042893,-2.6778266,-5.772347,-7.646005,-5.0180826,-4.304012,-6.5044003,-2.757497,-5.399881,-7.0418434,-3.4814432,-2.329909,-2.774773,-4.70549,-2.0059698,-2.057028,-5.562393,-2.7825434,-1.8403347,-1.1805094,0.54074365,-1.414756,-2.3079436,-2.648866,-2.1567123,-2.0469096,-4.038835,-3.2632446,-2.0933697,buka
-353.40097,133.77214,2.2903857,12.5728445,-9.472692,-20.455582,-16.811853,-5.574747,12.576075,-8.611343,-10.500733,2.6481366,0.17424963,-2.335214,-9.74906,-3.471542,-7.1004715,-14.15072,1.3194437,-3.581511,-10.299564,-1.520323,-1.6421101,-1.447845,-2.8482463,-2.163469,-0.98304796,-6.153559,-3.8940403,-2.4766946,-4.004779,-1.3303905,-1.3288126,-2.7200832,-3.637136,-2.3163743,-2.6842988,-6.157696,-3.4848585,-2.7601266,buka
-193.38031,46.12273,22.087955,9.609308,-1.0720377,-9.810766,-8.870459,-2.5084498,2.221746,-0.93152875,-4.936482,-1.8767073,2.1342041,1.1776785,-2.0342624,-2.1409047,-3.3604453,-8.099722,-6.861277,-2.1237915,-2.1127672,-2.4166985,-1.6424037,-1.4584268,-0.6122347,-0.40427604,-0.28083003,1.3358196,-0.37674975,-2.7948747,-2.4591699,-2.2836397,-1.5581719,-0.5150591,-0.54945153,-2.2793062,-2.635931,-1.939036,-2.8338797,-3.2197256,buka
-218.9567,39.077824,14.391515,4.0453734,-0.2937246,-3.2532997,-3.7034109,-0.2024374,4.908715,2.116869,-2.1001542,0.30781168,1.8833109,-1.6964926,-4.5877905,-4.596496,-3.2828774,-2.8910139,-3.3922389,-3.3146513,-1.9937532,-1.9230633,-2.1413286,-1.389659,-1.6438462,-2.1488464,-2.8663843,-3.7583103,-3.1807475,-2.0230734,-1.772897,-0.8574424,-1.0334152,-2.1866312,-2.0937061,-2.4272177,-3.187887,-3.5146885,-3.7324362,-3.4282784,buka
-391.26538,126.670166,-11.9633,4.7023406,-13.594385,-15.460275,-8.753679,-3.6207016,12.817947,-8.705004,-9.727809,3.9721143,-1.861472,-3.3755395,-5.9179287,-1.0637726,-4.267329,-8.005361,-0.16519232,-7.3957505,-6.8436246,-0.06153411,-2.6034515,-2.760982,-5.133244,-1.9649385,-1.477011,-5.3996434,-1.9055679,-2.8846722,-2.531384,-0.581918,-1.9607594,-1.4011887,-3.0009108,-2.9092271,-3.9848979,-5.469146,-2.4584272,-2.8501284,buka
-389.9689,132.28568,1.3201097,9.51277,-16.371792,-20.989767,-7.5702157,-6.5276732,6.3173523,-7.9678583,-7.017021,7.952382,-3.4454846,-6.317942,-5.6957717,-8.686103,-10.613038,-9.247194,1.238819,-2.9110315,-7.043035,0.07710913,-2.22117,-2.1945474,-1.9068902,-4.6070547,-3.110704,-5.941097,-5.2230444,-1.5697086,-2.4774666,-1.3665257,-2.758157,-5.3325725,-4.0744195,-4.434174,-5.268621,-4.5951753,-4.373943,-4.526839,buka
-409.77203,131.34793,5.60678,14.959884,5.0409856,-12.718263,-12.102019,-17.17067,3.573587,11.606469,-5.2611213,-6.410187,0.5914309,6.439225,0.17389816,-8.104848,-3.3142548,-6.3042326,-5.1385117,-0.8551361,-9.646253,-4.549391,0.42107823,-8.059192,-4.2555294,-3.0148897,-5.7189665,-0.17081437,-2.059914,-2.754075,0.45953718,-3.96184,-4.5764847,-1.3795434,-1.3598859,-1.5438987,-1.959511,-1.1315982,-0.38541958,-1.4395664,buka
-431.65573,98.50364,-13.650925,4.4913025,-15.813525,-9.158793,-5.7554193,5.5852356,5.5136533,-14.878744,-1.3940796,0.5976864,-7.8147025,-11.034222,-4.1039567,-2.5003836,-7.1944165,0.8497732,-6.010058,-4.6619163,0.8290894,-6.073119,-2.8490052,-1.8356934,-1.9778786,-1.4880702,-2.333437,-0.7793905,-1.5905231,-4.0950584,-4.2999067,-3.0048308,-4.368032,-3.5669081,-4.2646623,-3.5825849,-1.7277274,-5.012271,-2.999812,-2.005301,buka
-221.74832,31.022572,9.788043,1.4058211,-3.6342583,-6.9094267,-6.065361,-0.43646798,3.2220511,-0.75342435,-2.9821694,0.49058172,1.4423263,0.29887745,-0.9067811,-2.5896683,-3.4049518,-2.6310675,-1.5464495,-2.652388,-2.7254066,-1.9461222,-1.5569339,-1.727028,-2.1501722,-1.2451639,-1.060651,-2.3798904,-1.7193109,-1.1847334,-1.2844114,-0.46771166,0.043717507,-1.3114095,-1.4253961,-1.5983053,-1.9095211,-2.3801582,-2.17646,-0.903146,buka
-356.56863,113.28755,-0.33426765,0.8473245,-6.4795737,-16.481686,-11.389955,2.1152396,3.0758758,-6.446785,-3.450721,-2.1792085,-1.996656,-3.5279815,-6.846405,-3.8886185,-7.4949284,-5.1747103,-4.783124,-5.887692,1.0090988,-2.2384262,-5.0076056,-2.2710884,-4.0602474,-4.089607,-4.135948,-5.793564,-3.2465985,-4.2862244,-3.813563,-3.4495564,-4.8581705,-4.277923,-4.485832,-5.053431,-5.5221224,-3.2400634,-2.9506936,-3.946299,buka
-183.4714,22.786106,6.901148,-0.55810106,-4.7385263,-5.914156,-2.4593918,2.150773,1.8908974,-2.0409203,-0.83139086,1.2100164,-0.31244436,-1.7872913,-2.9626613,-3.5835958,-2.8658848,-1.0169989,-0.6049044,-0.9973702,-0.96007323,-0.9413686,-0.8448385,-0.74585426,-0.7104908,-1.2731271,-2.0509102,-1.2397865,-0.32676724,-0.3950138,-0.7284545,-1.4068338,-1.6236995,-1.1572915,-1.122627,-1.1526812,-1.5861621,-1.9275788,-1.1863346,-0.9947621,buka
-396.90823,123.02799,9.287548,11.028573,-11.566036,-21.431227,-11.252848,-2.056796,7.5996337,-8.986617,-9.366543,4.7426953,1.8691921,-5.2894073,-9.896579,-3.9950395,-7.1972322,-11.235963,0.68995374,-2.611029,-6.6264424,-0.53462845,-1.8054461,-2.0402548,-3.2949598,-1.8717613,-0.2336306,-5.805179,-4.059475,-1.9774373,-3.4334943,-0.975874,-2.9788575,-5.9879847,-5.016537,-3.1876066,-3.8285072,-6.669238,-3.855068,-2.9932773,buka
-432.24377,101.309555,-8.7856245,7.3120437,-8.845498,-9.956808,-7.698501,-1.165925,12.065096,-7.8786583,-7.842815,2.4571574,-1.4894094,-7.0024953,-8.808527,-2.4945154,-7.24718,-4.7034173,0.22343205,-7.622978,-2.3702886,-0.5992493,-5.108712,-2.346314,-2.6279213,-2.7647946,-2.5533202,-2.817213,-1.4130325,-0.52407986,-1.7850496,-2.4698224,-1.9531192,-3.7543836,-2.7567348,-3.3642175,-5.433372,-2.407769,-2.632841,-3.5599065,buka
-268.94016,86.29158,18.931114,4.1470656,-13.9526825,-17.423124,-8.7269335,-3.8900533,2.451326,-4.602773,-4.7184644,4.5796857,-0.5427435,-6.273844,-5.674161,-7.8510184,-10.440958,-6.8133335,0.17963448,-2.0956645,-4.5753193,-0.56546706,-0.47073847,-1.4647787,-2.263428,-3.383504,-2.996972,-4.9649158,-4.5075655,-1.3406066,-1.2359722,-1.2476816,-2.4471748,-4.543371,-4.0995526,-3.7524838,-4.667378,-4.2772164,-4.084178,-3.7848344,buka
-397.8015,128.91217,39.07409,-2.6278956,-8.113376,-13.777496,-15.078195,-5.9682,0.02607792,-3.0938745,-4.654553,-0.10260603,0.25067413,-6.0481353,-9.180728,-8.389482,-8.078573,-5.3633,-1.9396064,-3.309018,-4.937423,-3.0932155,-2.4083908,-2.5432186,-0.9228987,-1.4700267,-4.3912997,-5.0482564,-4.4224467,-3.9968314,-1.7664889,-0.41931316,-3.3175921,-6.078486,-4.6154757,-2.7329872,-4.498099,-6.361444,-4.20623,-2.43523,buka
-390.59958,132.09918,1.5482291,12.989536,-10.764988,-20.992172,-15.985719,-4.8778315,12.116787,-10.048344,-10.710653,2.5478544,-0.33822826,-1.8565463,-9.569437,-3.9021451,-7.265664,-13.901812,1.688438,-3.726308,-10.585137,-1.574533,-1.4457275,-0.9209418,-2.4755416,-1.8109969,-0.28111306,-5.616675,-3.0174294,-0.7103958,-2.860096,-1.047149,-1.3719612,-3.7011237,-4.5293097,-2.504699,-2.626742,-5.7285905,-3.0153809,-1.7022483,buka
-592.9794,130.48491,24.636387,10.634346,6.6384754,-7.646396,-4.0103455,3.346586,4.014856,0.7009955,0.7663909,2.7305324,0.7284465,-3.9398313,-6.831701,-5.924,-7.208322,-5.14217,1.4149399,-1.7779124,-5.379878,-2.231564,-2.3217578,-3.145407,-3.6329432,-4.0876074,-3.7581675,-5.512467,-4.696885,-2.4156125,-2.7706146,-2.6226144,-3.5252297,-6.0047593,-6.1889114,-3.9382594,-3.0590992,-4.291566,-3.9880314,-3.4948902,buka
-411.17926,122.22668,11.616921,7.3433332,8.034053,-4.273928,-8.523447,-14.23189,-1.5279998,5.9733357,-3.5648558,-2.1226315,-1.2981055,-2.013005,1.5689162,-2.3917975,-0.98658603,0.82204705,-5.806621,-1.6006496,1.2775526,-6.3386617,-5.644067,-2.959874,-3.4083657,-1.563401,-2.967169,-2.6441915,0.31459975,-1.6822904,-2.0818427,0.3886208,-0.8786278,-3.166745,-2.5167718,-0.6165169,-1.8195316,-4.0569544,-2.2972188,-1.1084845,buka
-400.97678,132.2982,1.3317623,9.521098,-16.359173,-20.978132,-7.5612545,-6.5148582,6.3304873,-7.957123,-7.0084095,7.963261,-3.431598,-6.308317,-5.6847434,-8.675004,-10.605368,-9.233271,1.2501715,-2.903,-7.028504,0.08944217,-2.2108002,-2.1847765,-1.8971775,-4.592773,-3.100389,-5.932525,-5.2112384,-1.560004,-2.467058,-1.3548443,-2.7480328,-5.3231897,-4.062756,-4.422581,-5.2606096,-4.5841284,-4.3636956,-4.5195146,buka
-438.4115,107.231735,-8.090464,9.083858,-7.3783083,-11.538694,-8.889721,-5.3437448,13.149707,-3.6100538,-9.888332,1.9191298,1.1201149,-4.0332627,-9.66048,-3.0786388,-5.0145497,-7.985531,0.396376,-5.802056,-5.913741,0.41815054,-3.2548802,-3.2527137,-2.7762096,-2.4197643,-1.980515,-3.0421562,-2.1234946,-1.1635786,-0.022227945,-0.80135185,-1.1823467,-1.8834215,-2.9150531,-1.5366522,-4.392222,-4.5438414,-1.5638441,-3.2420475,buka
-431.62134,120.22579,40.08647,-0.8344303,-8.540515,-14.153691,-15.1592655,-6.4274435,-0.60461515,-2.9785163,-3.8460753,0.027053665,-0.22457244,-6.3903155,-10.014596,-9.210728,-7.6421294,-4.7970176,-2.0141704,-2.5584881,-3.624027,-2.993374,-3.0373936,-2.7467463,-1.0919429,-1.6484185,-4.0150476,-4.4302793,-3.910393,-3.4429085,-1.3334546,-0.11450093,-2.8357477,-5.53488,-4.299163,-2.8176503,-4.875587,-6.630316,-4.390698,-2.5142725,buka
-216.55637,34.004528,11.791528,3.795783,-1.2781742,-6.1683335,-7.295104,-4.1681294,1.8858589,0.6155124,-3.2246737,-1.1542197,0.86579937,0.23488227,0.11309644,-0.6767691,-1.4814457,-2.4227445,-1.9029074,-0.6740924,-1.1979358,-2.0382655,-1.5366443,-1.3319725,-1.3638303,-2.5041063,-1.1665642,0.2767926,-0.6336368,-1.2719939,-1.4812273,-2.4946,-1.6969721,-0.08247281,0.2011408,-0.017955083,0.07379587,-0.39773217,-0.44166306,-0.9570739,buka
-170.92818,35.894474,13.547673,-1.8496416,-10.61328,-8.754002,-3.890553,-1.0663742,-0.55162865,-1.3339514,1.7871611,1.0570854,-4.064813,-6.596727,-7.5750647,-5.734509,-1.3412188,1.314085,-0.37093517,-2.446672,-1.2964337,-0.9465992,-2.2583585,-2.3055046,-2.4146369,-2.7548487,-2.1907678,-0.5339566,0.056651622,-2.0094976,-3.3560283,-3.626873,-3.8230238,-2.7610831,-1.7115278,-1.9270647,-2.330521,-2.338462,-1.957351,-1.6892263,buka
-365.9495,132.26637,1.3018332,9.492534,-16.391329,-21.011408,-7.59055,-6.545501,6.2989473,-7.9887843,-7.0404644,7.9331465,-3.4645562,-6.340093,-5.7138724,-8.707119,-10.636632,-9.2655525,1.2183118,-2.9313767,-7.0601554,0.055744857,-2.2429593,-2.2137854,-1.9252204,-4.6240826,-3.130518,-5.9617476,-5.240325,-1.5872155,-2.4965854,-1.3851331,-2.7761886,-5.350558,-4.0910993,-4.4517903,-5.288708,-4.612719,-4.3916235,-4.546503,buka
-400.77002,102.89554,18.625761,17.738699,0.23393553,-4.5374784,-2.1448352,-0.5098526,11.746948,1.2845277,-6.033839,0.006609702,0.20666943,-2.9842367,-8.268257,-5.416338,-4.4304366,-6.1773496,-3.6776712,-7.09806,-5.47616,-2.3942728,-4.6192765,-3.6435523,-4.5552897,-4.0710163,-4.314302,-6.5520678,-3.6495767,-3.6985357,-4.19941,-1.7400383,-2.5967367,-3.7064042,-3.4296215,-3.4580848,-4.5964284,-5.0133476,-4.6499524,-4.9854836,buka
-334.536,126.40913,-0.57268107,11.970971,-7.2802935,-17.827538,-14.727742,-6.328375,13.936952,-1.7167466,-12.285196,-0.92838764,2.4338293,-5.437644,-13.486308,-6.257074,-6.0505023,-6.9373984,-3.830001,-10.04276,-2.2448826,-1.3633144,-7.8676515,-0.02775462,-2.1750968,-3.050497,-1.4547004,-5.9545813,-1.625378,-2.1872206,-3.3021686,0.8886292,-1.9889473,-3.75583,-2.9395692,-2.8058105,-3.4719167,-4.5330873,-3.8336942,-3.6941867,buka
-146.357,44.90354,20.967215,8.511683,2.785789,-5.0592313,-10.936967,-7.716183,1.3781569,4.1112595,-1.4845284,-3.990317,-0.03917377,2.634217,-0.97099376,-5.6371593,-5.640707,-3.6317887,-3.7368257,-6.2206354,-6.2273793,-3.2739122,-3.1185403,-4.667384,-3.9871087,-1.8955768,-0.78577054,-0.31160855,-1.0355456,-1.6076567,-1.3496062,-1.9304913,-1.671043,-0.66095954,-0.2428141,-0.1689535,-0.4721101,-0.67961675,-1.3236823,-2.4329684,buka
-277.77118,48.712517,16.360182,6.650633,0.5607259,-3.406173,-2.977921,1.5156859,7.32504,2.525889,-2.2865965,1.01087,2.9978597,-1.0723517,-4.847815,-4.704917,-3.6375532,-3.371553,-3.8702822,-4.716077,-3.194003,-2.4394777,-2.7284122,-2.0772066,-2.4232657,-2.7871814,-3.580343,-4.657476,-3.5129552,-2.6972084,-2.3048809,-0.94346845,-1.4593679,-3.0857303,-2.8074317,-3.2396328,-4.431524,-4.6085167,-4.444937,-3.2525115,buka
-394.8211,135.068,-0.66858166,14.509969,-9.141165,-19.957909,-15.988977,-5.239429,13.426182,-8.92679,-9.54277,3.6188526,0.09372094,-1.6113088,-9.910441,-3.2448468,-6.181405,-14.312852,0.8261061,-3.722295,-9.337203,-0.63424444,-1.2564182,-0.38142696,-2.5159962,-2.4999402,-1.0294571,-6.697096,-4.3592944,-2.0645287,-3.5384462,-1.3260711,-1.4832307,-3.0934927,-4.049704,-2.6176608,-3.0598447,-6.288923,-3.386687,-2.4926348,buka
-393.34457,116.10765,5.6772375,4.457305,-1.3233818,-11.367513,-13.474474,-5.410479,8.819592,-0.91093487,-4.6335564,0.101217054,-1.5100896,-1.57417,-5.74244,-3.6011908,-3.403813,-6.436049,-2.313743,-7.4780927,-7.103358,1.0856817,-1.8099921,-2.683555,-1.3530716,-1.1365309,-1.3091494,-5.3466535,-3.6139672,-1.7412426,-4.687999,-3.3177571,-2.0692098,-4.08283,-3.8056386,-1.4979626,-3.395991,-6.392224,-3.991367,-3.7144318,buka
-392.1422,124.61945,3.426163,4.9070477,-2.0705504,-12.642854,-13.58439,-5.2474613,8.235282,-3.995684,-6.635958,-0.24636883,-1.4712819,-0.4323915,-4.8695335,-2.4958313,-3.4600623,-8.270083,-2.3060691,-6.676048,-7.2016444,0.9983606,-2.3177412,-3.5805342,-2.4351234,-2.2638376,-1.6956477,-4.7421956,-3.3281431,-3.1120067,-6.14107,-3.3310232,-1.7107451,-3.9252741,-3.6550043,-1.622109,-3.351771,-5.7589827,-3.6653345,-3.689297,buka
-262.99652,44.215034,15.836433,5.567589,0.19327803,-3.8484814,-4.7748775,-1.4323825,4.3207383,2.0974884,-2.9797335,-0.76064813,2.7490249,1.0889266,-2.7403016,-4.0067596,-3.4542172,-3.4739094,-3.6555622,-4.522435,-3.6411693,-2.5495894,-2.6823707,-2.2434723,-2.327812,-3.0029857,-3.0089874,-4.388639,-4.3335032,-3.0950103,-3.523373,-2.2659683,-0.7647271,-1.3773744,-1.251385,-1.0722135,-1.6580406,-2.6636977,-3.4939373,-3.0586922,buka
-461.85403,93.65009,-11.095282,2.5416152,-14.613354,-11.994516,-7.6145773,3.8965673,6.0344725,-13.850109,-2.6819284,2.9529583,-5.071683,-9.854967,-5.3225913,-1.7596534,-6.68241,-0.20638497,-3.8753488,-5.495791,0.09145654,-5.599905,-3.0875056,-0.44803149,-0.8083817,0.59495074,-1.5976034,-0.999984,-0.47802532,-2.362391,-2.3483622,-1.6257123,-3.1050203,-2.9559205,-3.880967,-4.376117,-1.3971093,-3.6624634,-4.3815875,-2.4083216,buka
-410.42474,125.65022,-2.9958708,6.6918178,-2.178616,-12.541513,-12.761305,-6.382759,7.684637,-4.4848213,-5.1464615,-0.0011564712,-2.518458,1.1335808,-4.650672,-2.6294436,-2.8938518,-8.650041,-1.8927021,-6.7253494,-6.8749037,2.1343288,-2.3259797,-3.396741,-2.5152922,-2.5068042,-1.3018092,-5.1968427,-3.7516263,-2.5557725,-5.6096897,-3.3176708,-1.5439285,-3.441625,-3.8143027,-1.745754,-3.123334,-5.812516,-3.2474926,-3.0250285,buka
-235.69527,56.617783,21.304771,5.626598,-7.4690866,-13.490486,-8.465191,-0.6865245,1.8177177,-3.6630814,-4.505106,1.6519293,1.902407,-3.5764995,-6.1118293,-4.8184175,-7.2399864,-7.100899,-1.0603572,-1.4763683,-3.41816,-1.3981645,-0.6244716,-0.19476192,-0.6774404,-1.2171973,-0.55306053,-3.1078777,-4.041627,-1.6853161,-1.373212,-1.3723316,-1.4350052,-3.4627388,-3.240978,-2.032118,-3.038522,-4.1054873,-2.8023114,-2.9441564,buka
-167.11041,50.81233,10.681148,-6.189291,-9.245156,-11.785722,-7.3826237,0.9787226,0.6756606,-4.74135,-3.8446674,-1.5014297,-4.428875,-6.6562676,-4.614774,-2.4093945,-2.536054,-2.0540226,-2.0392363,-3.4749172,-3.465443,-2.322566,-2.0030055,-2.9791052,-2.4055727,-1.4273596,-1.5950888,-0.73499554,-0.24162851,-1.5585132,-2.4733546,-2.6105213,-1.166654,-0.6453994,-1.0327743,-1.9410391,-2.5130851,-1.912704,-1.1272033,-0.7108937,buka
-455.12125,108.99786,-10.897935,9.685845,-8.851964,-11.53307,-8.88312,-6.107717,13.322717,-5.07479,-10.264495,2.0363884,1.0327332,-3.171746,-9.828463,-2.9290073,-4.803898,-8.038121,0.902189,-5.766468,-5.0968065,1.2924134,-3.3139598,-3.1351457,-2.496618,-1.7509444,-1.6062536,-2.9585445,-1.7494081,-0.7283914,0.5586345,-0.76910055,-1.0501633,-1.2812723,-2.5159452,-0.78935206,-4.105741,-4.7923074,-1.5548668,-3.3648963,buka
-393.13815,126.55189,-1.1067513,5.6181006,-1.8286196,-12.644877,-13.344361,-6.112949,8.068732,-3.9351716,-5.7110295,-0.26445472,-2.54334,0.0067104907,-4.9886093,-2.6764238,-2.9398816,-8.31149,-2.0213244,-6.777505,-7.378827,1.2365721,-2.464757,-3.2979448,-2.5257535,-2.5882149,-1.2237059,-4.6819935,-3.2861733,-2.593802,-5.674131,-3.0707655,-2.0209374,-4.3344197,-3.990917,-1.7297064,-2.969568,-5.62191,-3.5491219,-3.499117,buka
-218.32881,59.06928,17.268064,-0.7703884,-4.1590395,-10.194146,-10.959924,-1.3541443,4.3049445,-0.41674647,-3.2250826,0.27070352,-0.63884,-4.7504296,-7.1350884,-5.822777,-4.953035,-4.522354,-2.758554,-3.1475153,-3.9980903,-3.832793,-1.6800758,-1.1290989,-3.0721803,-3.674604,-3.0180438,-3.4521818,-2.7686775,-1.8219818,-0.7634909,-0.65585154,-1.8960246,-2.650035,-1.7409121,-1.683439,-2.4730365,-3.0062673,-2.5640888,-2.293278,buka
-86.086044,13.096148,12.275115,7.6354175,2.7467625,0.119800225,-0.8922692,-0.7030095,0.23254056,0.54640007,1.1630412,1.4646461,1.0200366,-1.4701426,-3.8785727,-4.9532986,-5.122005,-3.7646904,-2.2420216,-1.4251436,-1.3305242,-1.8487514,-1.5760086,-1.4879465,-1.1622813,-1.7959019,-2.138774,-2.5558114,-2.05337,-1.5291498,-1.0491537,-1.153928,-1.6854,-2.1490126,-2.4590364,-2.2772574,-2.345407,-2.067808,-1.9938395,-2.4469988,buka
-363.52554,113.16115,15.31557,5.09255,5.3109236,-4.68041,-12.7951975,-12.254467,1.7619325,3.7546077,-4.91156,-1.4532287,-1.6851113,-0.7501176,1.26282,-4.024499,0.25473586,-1.9001845,-4.1614485,-1.0584443,-3.088667,-7.7484183,-3.7622883,-0.87929523,-2.8903227,-1.561816,-3.3678045,0.08423686,-1.3097779,-2.59725,-0.5853131,-1.1866049,-3.5256972,-2.8969069,-1.1892172,-2.1302454,-4.418671,-2.8583,-0.091440834,-3.6078062,buka
-479.69,93.913445,7.0255437,9.255068,-6.0738883,-12.70366,-7.8233232,-3.899153,10.047782,-0.40441984,-8.126893,0.59471685,-0.7303886,-1.3143742,-1.0637867,0.71446663,0.10943534,-4.7617817,-0.20643768,-0.7987708,-5.066303,-2.0131304,-1.7940629,-1.6010333,-3.2628205,-4.2802277,-1.1108338,-3.4100924,-3.2080572,-0.88232607,-3.2582514,-2.2141743,-0.6635038,-1.1926364,-1.2938341,-1.7000613,-1.2006482,-1.7113253,-2.3501797,-2.1217134,buka
-153.52838,42.37495,8.256862,-4.6309705,-6.773558,-9.123677,-7.4384246,-1.0254084,1.9224342,-3.4781237,-5.5447526,-0.50080234,0.72459966,-1.8617045,-2.920123,-3.068741,-4.7946453,-4.339535,-2.021486,-2.7283306,-3.9173615,-2.550893,-0.6538119,-0.90422934,-1.0696887,0.8084159,0.4199721,-1.9771491,-2.7228403,-0.88928276,0.49872765,-0.09002002,-0.98244333,-0.5915174,-1.1373218,-1.8499044,-1.6864473,-1.9711348,-1.3063186,-1.3236103,buka
-439.9139,119.9815,0.33153,3.257866,-22.338535,-19.766424,-7.2052,-3.9981387,3.8176796,-9.57774,0.055610184,6.0215836,-8.683838,-7.472785,-7.445706,-9.550012,-8.33457,-0.65093225,1.7511264,-7.56178,-2.7822697,-0.22369172,-4.739098,-2.9384873,-5.555065,-4.7746863,-3.6168785,-4.2860622,-0.478754,-1.945208,-3.0901158,-3.6695611,-6.5409813,-3.522695,-2.8328679,-5.0885873,-3.1422336,-3.1804085,-5.0724125,-4.2625194,buka
-402.8264,87.59025,7.153822,6.7269444,-1.883324,-8.342632,-11.879768,-6.8192425,6.2200184,4.4165654,-6.6537204,-3.8638961,2.7516975,0.4680787,-4.390933,-5.459303,-3.6508796,-5.8162274,-4.7434325,-2.4191566,-5.421476,-3.7100658,-1.837797,-3.6812694,-1.2290996,-2.2382274,-3.1962452,-0.6149545,-1.6862407,-4.189601,-1.5231853,-0.9238767,-1.4987298,-0.93079585,-0.91566104,-0.19023912,-1.1168562,-0.9794511,-2.9345489,-3.577127,buka
-170.4468,55.13718,22.07719,4.806248,-6.039824,-12.665829,-8.894298,-1.8147426,0.55568546,-3.4745963,-3.3399124,3.8319788,4.1116986,-4.0299706,-6.6786313,-6.02789,-9.063152,-8.00835,-1.9465488,-1.23313,-3.0354986,-1.818726,-0.08559673,-0.00025545468,-0.89927995,-1.7493901,-2.1324332,-3.7044604,-4.1105857,-2.283654,-2.0555246,-1.4730431,-1.5962428,-3.9990423,-4.611829,-2.3767235,-2.4436855,-3.7624938,-4.196714,-3.6325185,buka
-442.66956,133.44075,11.973972,17.795204,3.9232304,-9.033009,-8.0498,-15.857705,6.391523,11.370812,-9.1082,-6.964429,2.5134685,5.579754,-1.6657041,-7.131844,-1.9377611,-5.9878044,-6.866667,-2.8786776,-6.907021,-5.439427,-4.9334965,-5.185698,-1.0993522,-3.805814,-2.3038568,0.5366884,-2.4552402,0.58418393,-1.2930623,-6.6202416,-2.1820898,0.40868896,-0.9412939,-2.095674,-3.3036907,-1.0148953,-0.17467071,-2.6415162,buka
-407.31555,131.20775,-0.85198474,9.477511,-18.560894,-22.446371,-7.6828933,-6.882759,7.090105,-7.440038,-6.690533,8.255574,-3.2227564,-4.8142643,-4.148079,-7.4096045,-9.595293,-9.344857,1.5447984,-2.1033177,-6.680662,0.2647446,-2.4818542,-2.7573097,-2.3435116,-4.942695,-3.4735374,-6.239643,-5.179789,-1.5934647,-2.7067752,-1.5115968,-2.8693144,-5.250887,-3.934759,-4.1652927,-4.302817,-3.442787,-3.5262072,-3.5325942,buka
-416.4964,107.212364,-8.110125,9.067137,-7.3942294,-11.554393,-8.897849,-5.3474526,13.14211,-3.6193807,-9.895707,1.9133372,1.1128248,-4.0431795,-9.67077,-3.089169,-5.023042,-7.9905634,0.38841859,-5.812449,-5.918724,0.41571715,-3.2588117,-3.2545981,-2.7770658,-2.4214153,-1.9821129,-3.0452085,-2.1273363,-1.1676445,-0.026212087,-0.8044336,-1.1884915,-1.890155,-2.917722,-1.5416671,-4.399826,-4.550147,-1.5717133,-3.249146,buka
-223.16658,59.760403,19.515623,5.5310874,-8.642333,-15.624507,-9.257447,-1.410719,1.612426,-4.8583198,-5.801447,1.4905418,1.4207938,-5.1167965,-7.5859485,-5.6502867,-8.375549,-8.309086,-1.9996765,-2.2629664,-4.2041464,-1.9382372,-1.086638,-0.09775292,-0.5369481,-1.2137467,-0.15825325,-2.6206534,-3.561977,-1.0631179,-0.8361084,-0.62076426,-0.98168653,-3.097942,-2.801861,-1.3717239,-2.5454786,-4.0018344,-2.3934176,-1.7802576,buka
-156.7719,39.5375,17.249529,4.4180975,-5.798617,-10.951686,-7.06522,-0.26557252,1.1344572,-3.027344,-2.6836994,1.9746245,1.6425828,-3.4226663,-5.813691,-5.321751,-6.9319577,-5.793619,-0.8087579,-0.76800126,-2.618217,-1.3281239,-0.8325738,-0.1481531,-0.5339001,-1.5074319,-1.255848,-3.0897174,-3.5244431,-1.4297303,-0.687088,-0.66358787,-0.992922,-2.2150586,-2.7594857,-1.9330895,-2.2450242,-3.4117658,-1.9175364,-1.8813322,buka
-456.40747,96.426315,6.386658,8.113274,-8.269546,-12.455105,-7.3811836,-0.8406681,10.3868685,-4.0111537,-6.3840284,1.8174148,-1.6723796,-1.3938587,-0.9262058,0.36507785,-3.628421,-5.441952,-0.5432382,-5.0765214,-5.147941,-1.7726946,-3.353722,-3.628255,-5.3917036,-2.8611681,-2.4648788,-5.0009522,-1.7302505,-2.7398944,-3.1112456,-0.21772602,-1.4135267,-1.9874614,-2.2149758,-2.3149412,-2.818059,-4.048415,-3.1152658,-2.773745,buka
-426.96628,121.81407,-10.484319,3.7678878,-13.0346775,-15.873269,-9.192588,-3.8404665,11.031706,-9.504379,-10.64399,3.2959592,-1.9048909,-3.6870751,-6.277499,-2.633519,-5.3993278,-8.509504,-0.8508429,-7.1913724,-7.032848,-0.2764324,-2.1576035,-2.1592984,-4.537672,-1.7386749,-0.43155897,-4.4695373,-1.5757642,-1.4443144,-1.2520553,0.017219236,-1.4555942,-1.3239715,-3.0938196,-2.7024336,-3.2461674,-5.348919,-2.8409579,-2.6579435,buka
-366.19177,128.54555,6.3380895,11.002268,-11.87026,-21.710003,-11.410013,-2.674633,8.35856,-9.132685,-10.214798,4.1578712,1.0708177,-5.3630543,-10.116057,-4.570887,-7.7641473,-11.720258,0.7771378,-3.1739144,-7.590728,-0.8652128,-1.8853511,-1.5707961,-2.7885423,-1.9692905,-0.55282575,-6.213937,-4.2590294,-2.0019476,-3.4701793,-0.94448984,-2.8734689,-5.3135242,-3.9143064,-2.7704446,-3.8826206,-6.228197,-3.4500487,-3.1264346,buka
-97.94067,19.121992,15.930612,7.701157,1.3449231,-0.77577835,-0.96768993,-0.7190804,0.012882681,0.25103799,0.6714981,0.9592165,-0.20606829,-2.2548442,-4.0346775,-5.052482,-5.13704,-2.6795375,-0.71871483,-0.3594105,-0.5186745,-1.3045352,-1.3743571,-1.2926947,-1.5112776,-1.807026,-1.6344081,-1.9454899,-2.1402977,-1.7904457,-1.3624457,-1.1257428,-2.345138,-3.176667,-3.5886765,-3.2604585,-2.3621845,-2.7366977,-2.63951,-2.1025734,buka
-332.858,132.19604,1.3297547,9.446909,-16.397552,-21.022402,-7.6226153,-6.546887,6.2724423,-8.001961,-7.052043,7.907653,-3.4724407,-6.361658,-5.7268214,-8.719614,-10.660756,-9.274707,1.2003368,-2.948398,-7.073843,0.03554623,-2.2525983,-2.234373,-1.9430344,-4.6358247,-3.1517665,-5.9726415,-5.2602544,-1.6026791,-2.5096307,-1.4060928,-2.7870529,-5.3691726,-4.107443,-4.4629903,-5.308386,-4.6245933,-4.4073215,-4.561433,buka
-409.83115,134.42844,-2.4504266,12.593868,-13.789486,-21.83632,-16.386349,-3.0652401,11.266303,-13.24546,-8.741041,2.276015,-1.3991764,-4.2364907,-10.875772,-1.7652857,-9.19009,-10.928952,3.298613,-8.377946,-7.940441,0.37188062,-2.8741038,-1.9529294,-3.7655764,-1.4135978,-3.2634516,-7.014802,-1.5669388,-2.5254817,-3.4754038,-1.8910187,-3.871557,-4.4359665,-3.603817,-2.1673431,-4.5591516,-5.231995,-2.002564,-5.2219706,buka
-161.46135,41.0294,8.737621,-3.6415992,-6.0856395,-9.2962675,-8.102451,-0.58238786,2.8600695,-1.5376133,-3.4068196,0.47542778,1.0109789,-2.018182,-2.729756,-3.4675686,-4.764246,-4.315162,-2.5153894,-2.9239736,-3.924041,-1.6270925,0.5129344,-0.36565202,-1.6645565,-0.5975353,-0.50406665,-3.0066545,-2.815873,-1.1314696,0.3771233,0.10953134,-0.97344995,-0.8836254,-1.1759425,-2.17574,-2.5333476,-2.3040013,-1.4171219,-1.4177301,buka
-277.3988,52.067184,10.605004,1.009622,-4.056977,-4.097946,-0.4405788,5.7053337,5.272334,-3.7064147,-2.6261017,-0.12343251,-4.393992,-8.47102,-6.9588447,-4.348489,-5.157322,-4.963369,-4.519008,-3.117604,-2.2714956,-2.885833,-2.9552443,-3.2382855,-2.9571595,-2.9663231,-2.8209534,-2.004657,-2.6040208,-2.861102,-4.506047,-5.560592,-4.046313,-3.8245525,-4.7712955,-3.4306073,-2.496793,-2.6115172,-2.8175604,-3.9947455,buka
-134.27744,26.285688,19.867315,8.805862,1.9346354,-1.2182604,-1.1553527,0.05764047,0.3477135,0.3732014,0.86727434,1.4158589,-0.28601977,-2.5687397,-4.7411537,-5.500971,-5.5435395,-3.6597683,-1.3401712,-1.2061696,-1.7880605,-1.889528,-2.0345433,-2.3359811,-1.9017895,-2.1711466,-3.0168462,-3.5573502,-3.1799,-1.9549313,-0.86873657,-1.6205095,-2.7503898,-3.4378078,-3.6124036,-3.5853834,-3.4219291,-3.3352005,-3.5242167,-3.523916,buka
-331.80307,112.95123,7.833162,3.9167535,-14.813723,-22.959888,-14.191127,4.698633,4.3794775,-11.916011,-4.890894,1.9435979,-2.7952156,-8.745858,-9.632275,-4.9453154,-10.874032,-6.403948,2.1670525,-9.185647,-4.2510443,1.6877799,-3.1060622,-3.7607176,-2.687135,-3.0030386,-6.888279,-3.5240254,-1.575452,-3.129757,-1.2861832,-3.561835,-4.5819845,-4.5227685,-3.2515612,-4.9243946,-7.0111046,-2.4368174,-4.832243,-5.668644,buka
-177.71367,42.861095,9.305823,-0.8194486,-3.0114658,-7.647222,-7.174876,0.028828239,4.1136703,-1.7047962,-4.101978,-0.16731113,1.1385788,-2.5451126,-5.1718307,-4.721513,-4.1373243,-3.3314805,-1.9801776,-2.7311223,-3.4083922,-1.7902071,-0.82654506,-1.670787,-1.5817243,-1.3706782,-1.1976131,-1.9998885,-2.0691788,-0.09924883,0.07603703,0.19854535,0.0795882,-0.68948984,-1.0009557,-1.6336886,-2.6575084,-3.2982244,-1.7283413,-1.6241703,buka
-405.46164,126.561386,-1.0982708,5.630331,-1.8169576,-12.636416,-13.334297,-6.1009827,8.076977,-3.9254124,-5.6993074,-0.25884295,-2.5346894,0.01948976,-4.980155,-2.66671,-2.9311717,-8.303788,-2.0086777,-6.7659926,-7.3689966,1.2452285,-2.4575138,-3.287837,-2.5165417,-2.57928,-1.2128314,-4.6725,-3.277594,-2.586964,-5.6652656,-3.0586157,-2.0122347,-4.3262134,-3.9810064,-1.7206101,-2.9594307,-5.6115937,-3.5407674,-3.4921818,buka
-356.6446,113.426,0.93271375,1.0900418,-5.7418013,-15.61266,-12.382205,1.2344455,4.183935,-6.276047,-4.0271516,-1.4050605,-2.1908455,-3.1380475,-6.275847,-3.703085,-6.80312,-6.784472,-3.1425524,-6.9297347,-0.8067915,0.17429207,-5.1982336,-3.313355,-2.980964,-2.6362505,-6.281572,-4.1371107,-3.0965774,-6.0652447,-2.6977856,-2.6200721,-5.437451,-4.264148,-2.6380563,-5.8865914,-5.9769235,-2.8206773,-3.7486024,-4.3715262,buka
-149.33157,51.44171,20.367239,3.6202521,-6.9122534,-11.971597,-8.237859,-1.9520625,0.40607336,-3.698513,-4.091408,3.0803308,2.6711848,-4.1742764,-6.0952053,-6.487977,-9.151816,-6.54434,-1.3420035,-0.4430757,-2.4562068,-2.3619812,-0.7690023,-0.3194913,-1.0633366,-1.4803491,-1.851332,-3.7205083,-4.011564,-1.9984472,-1.1919184,-0.87208235,-1.3895826,-3.7584198,-4.239586,-1.486895,-1.7105397,-3.661778,-3.3977077,-2.5054693,buka
-421.12747,78.48945,6.9412723,-5.038719,-14.592753,-10.74468,-1.1881433,7.704474,-2.2566671,-8.203,-0.08416639,-0.051244736,-4.1572876,-2.2152412,-4.3827424,-6.495909,-5.687695,-2.0968966,-7.8969803,-3.2305193,-3.6561513,-6.600204,-3.9302685,-2.209951,-2.6956728,-3.0932105,-1.4354007,-3.2221806,-3.0725205,-4.0434623,-4.8047786,-5.1691413,-2.6149364,-4.246413,-3.2556868,-2.3771586,-4.0219326,-2.6214008,-3.7650309,-1.6645495,buka
-133.33075,26.854832,9.035101,0.22211668,-4.175612,-7.3732305,-5.5617743,-0.7528311,1.2946204,-1.1838285,-1.3407446,0.81192786,0.45488527,-1.5072848,-2.9995787,-3.351939,-2.81183,-1.6906343,-1.3797693,-1.5083,0.010694137,-0.42257088,-0.99008757,-0.33526224,-0.5713785,-1.4169612,-2.6236274,-2.1676788,-1.0741173,-1.6002663,-1.6670424,-1.6411366,-2.879273,-2.632923,-2.0978928,-2.4973001,-2.5193005,-0.9184156,-0.6694452,-1.142322,buka
-415.0206,115.02321,10.157788,10.227653,0.4094427,-12.7366905,-13.96555,-9.282307,10.273886,5.136989,-10.116644,-4.7644453,3.6469216,1.6986862,-8.14964,-8.030484,-5.4773383,-7.5171895,-4.2227197,-8.845647,-7.9495583,0.4103778,-5.95411,-5.669855,-1.110035,-4.418032,-0.6071019,-1.1626378,-3.9141788,0.1681115,-1.6828036,-2.4928608,0.5618828,-0.6132986,-2.278597,-2.6973689,-1.8323103,-1.6787102,-3.8113372,-4.73258,buka
-164.36366,48.97674,19.355227,5.795882,-4.8197846,-13.1424465,-11.283706,-1.8411365,3.3978786,-2.355351,-3.7635505,2.0046256,4.1840215,-0.40466636,-4.2236805,-4.6488423,-6.7801294,-6.450738,-1.7088767,-1.6358637,-4.1574116,-2.2642748,-0.24846074,-0.21295877,-1.7251629,-2.5903876,-1.7633983,-3.8939657,-4.2743945,-2.4228816,-1.4460759,-0.40036747,-0.4807192,-2.1156144,-2.2145755,-2.2565928,-1.9024746,-2.5506692,-3.4955695,-2.6393251,buka
-359.52625,106.32901,27.17905,15.644518,2.7722826,-3.8817635,-11.132496,-15.450322,3.922817,11.833305,-6.403327,-5.737502,1.7936811,5.205068,1.8602947,-7.6076384,-2.8737304,-5.4417057,-7.264007,-6.4201756,-4.5751386,-6.739921,-6.9419174,-2.5732841,-3.43515,-2.3854232,-3.4786577,0.4248308,-3.2181706,-2.0043955,-0.57233804,-5.967404,-4.353824,-0.40174472,-1.6640884,-0.8552068,-3.1953404,-2.3846188,2.290403,-3.1070967,buka
-413.9661,117.735435,8.863352,5.2686844,1.4572518,-8.421327,-11.414861,-8.507041,6.48058,1.0796132,-5.9873285,-0.75175446,-1.4802356,-0.08963951,-2.1900618,-2.7412586,-0.5659152,-6.9890866,-4.1594067,-1.8659053,-8.424878,-4.05544,-0.44932148,-2.1618116,-1.9105843,-3.3960211,-1.1513718,-0.48678595,-2.9207704,-0.8784897,-2.1550956,-5.1580973,-3.4662774,-2.7627716,-4.487977,-4.3923883,-1.5643843,-1.7029235,-4.013206,-2.4266472,buka
-466.2346,110.22641,16.78679,18.448105,-1.7741076,-5.17455,-1.1348504,-0.07399731,12.547661,0.77882993,-5.540952,0.7856107,0.34125906,-2.6939826,-8.585185,-4.8328013,-4.306419,-6.432642,-2.9427586,-6.7394266,-4.5027175,-1.2417333,-3.5190048,-2.6809266,-5.185172,-4.5406303,-4.6495895,-7.1469283,-3.5811977,-3.8387022,-4.0286884,-1.3628603,-2.555569,-3.632618,-3.2754679,-2.3552206,-3.2302806,-4.2074537,-3.9545972,-4.766671,buka
-394.71747,123.78443,3.7639453,11.599831,-6.0760107,-16.861088,-13.461768,-3.6986868,14.648378,-1.3492587,-10.670807,0.105652645,2.100767,-6.755468,-13.860201,-6.066893,-5.7641,-6.0044074,-4.153643,-9.722882,-2.3108609,-3.0719972,-7.1733313,0.48392794,-3.1762607,-3.0076802,-2.2298067,-6.1995015,-0.9987281,-2.3810868,-2.4958556,1.9930952,-2.0325716,-4.175618,-3.249861,-2.7150521,-3.2180748,-4.4932404,-3.167745,-2.860844,buka
-411.51852,133.7098,6.109187,15.538354,-5.2913575,-11.866968,-11.220794,-8.127159,15.940232,-0.29624385,-11.901237,2.4567533,4.159336,-3.7724233,-11.443741,-6.5928597,-7.2386045,-9.875284,-4.4382443,-7.6552477,-5.619073,-2.5248768,-2.9484713,-0.9057678,-4.164102,-2.1951907,-2.9384782,-5.961353,-2.008264,-4.8036647,-2.8618793,1.7233108,-3.1738503,-4.1891274,-2.5916753,-2.2292747,-3.5362048,-6.359357,-4.791516,-2.9561694,buka
-159.56769,40.42556,12.645535,1.6138276,-0.56363165,-4.7801833,-7.5522804,-3.112027,2.6842427,0.8561557,-3.2398818,-1.8028444,0.72208863,0.27856302,-2.7897158,-4.2080965,-3.9964182,-4.798449,-3.7507954,-2.0421906,-3.1246412,-3.2147677,-1.7670361,-0.93775773,-0.93236005,-2.2387798,-2.2283657,-0.98444766,-0.88480216,-1.4939882,-1.5782489,-1.3695081,-1.0036137,-0.70770615,-1.1741718,-1.4174247,-0.7945209,0.0067546526,-0.7679361,-1.5930914,buka
-391.9004,126.672134,-11.963084,4.7036123,-13.591114,-15.459434,-8.753681,-3.6225603,12.817326,-8.7038,-9.731747,3.9701142,-1.8585275,-3.373944,-5.915091,-1.0621828,-4.2690744,-8.002258,-0.15992011,-7.396312,-6.845547,-0.06213362,-2.6023903,-2.7563963,-5.1321206,-1.9660531,-1.4744933,-5.398675,-1.9046928,-2.8823738,-2.530144,-0.579252,-1.958945,-1.4000245,-2.9993494,-2.9093678,-3.9832873,-5.4675426,-2.457962,-2.847357,buka
-367.98892,126.95468,-0.9758565,12.167412,-7.251475,-18.005331,-14.40669,-6.6521654,14.1868105,-1.8027664,-12.3061495,-0.79068637,2.2755592,-5.2827077,-13.582675,-6.1903477,-6.0320244,-6.9959583,-3.7443042,-10.098413,-2.201321,-1.3413634,-7.912553,0.058478132,-2.2392197,-2.9908175,-1.4459071,-5.994013,-1.5513875,-2.2219894,-3.287041,0.9046071,-1.9939357,-3.7436523,-2.939983,-2.7784626,-3.4757395,-4.538163,-3.8018734,-3.7121904,buka
-405.46344,126.56226,-1.0969582,5.6280594,-1.8165534,-12.633658,-13.334709,-6.1012235,8.079428,-3.9250946,-5.6989536,-0.2570934,-2.5347195,0.019803148,-4.9796615,-2.6655073,-2.9303384,-8.304456,-2.0076869,-6.7665973,-7.369185,1.2467445,-2.4583538,-3.28684,-2.5149314,-2.5791972,-1.2124275,-4.6716466,-3.2768614,-2.587832,-5.6633463,-3.0574903,-2.013293,-4.323335,-3.9814634,-1.721201,-2.9569082,-5.6125875,-3.5406697,-3.4922364,buka
-408.30978,125.85594,-2.3150795,6.5551167,-2.440887,-12.812458,-13.712949,-7.560321,7.3356485,-4.514555,-5.731469,-0.39465043,-2.924206,-0.1113378,-5.8255153,-3.1324348,-2.8681195,-8.125697,-1.5248123,-6.7985654,-7.395255,0.8850307,-3.1313708,-3.204435,-2.714364,-2.6160572,-0.5229982,-4.357895,-3.0670066,-2.6286788,-6.2871857,-3.6204033,-2.2949898,-4.4839287,-4.262167,-1.6207374,-2.2399738,-5.299183,-3.7510183,-3.6664593,buka
-223.33508,48.59811,23.304287,11.476016,0.90187734,-8.444919,-9.3479,-4.380063,0.9534746,0.15231533,-4.3704147,-3.6256876,1.6510246,2.7448404,-0.3708526,-1.8752992,-1.2952998,-5.364755,-8.098601,-3.9710054,-2.0939214,-2.9712179,-2.3605204,-1.8390542,-1.2306832,-1.209309,-1.7552817,-0.7635167,0.12080224,-1.405539,-2.004881,-2.361743,-3.0100274,-1.9078223,-0.11692797,-0.7476711,-2.2473626,-1.0199188,-0.065434955,-2.299302,buka
-392.90768,102.890045,18.621077,17.734688,0.22969866,-4.5403705,-2.146993,-0.5121122,11.743263,1.2812164,-6.0373325,0.0004948127,0.20248008,-2.9861388,-8.270556,-5.4194317,-4.433126,-6.1785183,-3.6812015,-7.102385,-5.480412,-2.4007864,-4.623869,-3.646812,-4.5578184,-4.073525,-4.3203197,-6.5575743,-3.653761,-3.7029502,-4.2033095,-1.7435272,-2.5982518,-3.708686,-3.4337401,-3.4608672,-4.5988994,-5.017954,-4.6549416,-4.9875455,buka
-207.93446,65.21076,10.390436,-7.042842,-8.7216,-12.383102,-7.399683,2.8916726,1.6303962,-5.894786,-2.9334097,-1.1513919,-5.917965,-6.856702,-4.22453,-3.9585273,-4.875259,-4.380396,-3.816963,-3.6773586,-1.0678474,-0.3518335,-2.8273737,-4.225771,-2.3075929,-1.9473978,-2.5339048,-0.54595786,-0.43985733,-1.0450794,-1.7521923,-2.661011,-1.4751433,-1.5071138,-2.599993,-2.9136193,-2.1958966,-1.6269041,-2.8604717,-3.0034418,buka
-154.45888,31.435577,22.202684,9.457548,1.1127808,-1.688084,-1.8525299,-0.5892221,0.39377308,0.26059365,0.22712962,0.81680864,0.31992093,-2.5067818,-5.0590878,-6.6809793,-6.458701,-3.8986914,-1.4448895,-0.95785075,-2.2990105,-2.249834,-1.4542165,-1.8290612,-2.3374887,-2.364112,-2.8485758,-3.6690555,-3.38903,-2.0306194,-0.8495654,-1.9681019,-2.9736862,-3.6191366,-4.150682,-4.1709275,-3.147098,-3.0241702,-3.5279543,-3.370444,buka
-385.36954,143.43185,-4.9288816,13.734457,-14.504423,-21.35877,-7.04467,-9.22528,8.906765,-5.852581,-12.917342,9.252308,4.712331,-9.625806,-10.528589,-3.1062522,-9.573153,-12.578551,2.8259223,-1.755344,-7.806667,-1.0225667,-2.3156226,-1.598263,-2.1580873,-2.5152447,-2.076973,-7.2347374,-4.0245514,-2.161171,-5.3609757,-0.87637544,-1.2263283,-6.467955,-3.9610286,-0.55720663,-3.5140758,-6.280476,-4.9127727,-3.5245776,buka
-363.6256,95.86165,-7.235508,-11.282671,-17.99669,-12.346042,-3.2876341,8.200193,-5.3376684,-12.216274,0.8047521,-0.1650409,-10.251425,-5.180973,-4.379403,-7.438189,-6.531431,-1.9653571,-8.603145,-1.0901995,-1.8002516,-7.7332907,-3.7904947,-1.8863267,-3.5603445,-3.0966873,-1.8883007,-3.400607,-3.826936,-5.7327995,-5.21832,-5.3744836,-2.9373636,-3.4635518,-2.2273376,-1.5297753,-4.5537133,-2.2463956,-3.4707403,-0.2848014,buka
-309.3632,54.69191,18.448992,9.416843,3.7868319,-1.9253452,-4.1931925,-3.9026592,3.5696146,4.9571176,-1.081306,-1.8825687,2.1835825,3.2137547,-0.40533864,-3.8504832,-4.7628837,-5.0963545,-4.4325595,-3.781846,-5.0223303,-4.315436,-3.2155678,-2.86656,-2.2183697,-2.4394107,-1.8265606,-1.2126582,-2.1130378,-2.5009346,-2.0091608,-2.9389353,-2.444455,-0.5991982,-1.1150794,-1.591187,-1.0173625,-0.8214971,-1.2455803,-1.5515854,buka
-387.15018,142.34514,-6.5800014,4.70218,-4.23889,-11.620015,-12.112668,-4.341774,14.528479,-5.6797276,-9.050238,2.8207474,-4.746222,-7.09668,-9.084245,-4.940746,-3.9857614,-7.1832094,-1.0090613,-4.28004,-6.571476,-3.035791,-3.2884102,-3.4004772,-6.3812957,-4.8214083,-3.9990737,-6.419327,-3.0072873,-2.5050335,-2.709937,-2.3560793,-4.2123456,-3.3600583,-3.1801457,-2.454456,-2.1168623,-3.8221138,-2.638874,-2.3592412,buka
-394.90854,135.03297,0.43678778,14.571729,-9.559674,-19.790403,-15.500549,-4.298003,14.398108,-8.570506,-9.529477,3.7535493,0.62457657,-1.2575276,-10.0417385,-3.63765,-6.9295225,-14.035572,2.4665992,-3.2671463,-10.152917,-0.76623374,-1.3415756,-1.3522121,-3.3941731,-3.0951195,-1.8098133,-6.8480387,-3.892899,-2.351297,-4.6582255,-2.1506355,-1.1627575,-1.7875912,-2.770283,-1.7926633,-2.2256503,-5.5289335,-3.4523623,-3.3171039,buka
-540.4581,112.07384,35.991013,18.887255,8.657283,-3.324786,-1.7038182,-0.9426207,0.033113077,5.658143,-1.6323601,-2.3476045,7.6759534,-1.3266647,-3.6409717,-1.3164295,-8.194652,-7.1436276,-8.148948,0.5327341,-2.525133,-4.600929,-1.7003621,-3.3206692,0.043946706,-5.0696974,-0.06858585,-2.2969398,-2.6562233,-2.8812814,-4.172583,-5.1106915,-1.075049,-3.337115,0.13356215,-2.989348,-5.587786,-3.4870498,-3.4568129,-5.3994236,buka
-429.08228,128.9287,39.0878,-2.6130044,-8.097399,-13.762675,-15.064073,-5.952382,0.04346976,-3.0786436,-4.641485,-0.08782959,0.2671307,-6.032069,-9.166571,-8.3772135,-8.06453,-5.3466682,-1.9231929,-3.2941008,-4.9247146,-3.0800512,-2.3926406,-2.529022,-0.91062295,-1.4562465,-4.3767467,-5.0335236,-4.4073877,-3.9821773,-1.7527544,-0.4077236,-3.3054929,-6.0622835,-4.5996575,-2.7206688,-4.4844966,-6.3461823,-4.193564,-2.4234672,buka
-331.47916,133.76195,2.2810142,12.564645,-9.483049,-20.466932,-16.821955,-5.582359,12.568362,-8.621383,-10.510403,2.6389256,0.16473962,-2.3447459,-9.758756,-3.4806204,-7.109217,-14.1591625,1.3104111,-3.5911539,-10.308245,-1.5294539,-1.6514741,-1.4570256,-2.85735,-2.1713364,-0.99209005,-6.1630683,-3.9017823,-2.484203,-4.012899,-1.3398229,-1.3370773,-2.7281244,-3.6477003,-2.3244443,-2.6915834,-6.1669235,-3.492613,-2.768688,buka
-356.8292,128.5418,6.3386483,11.001318,-11.875918,-21.713337,-11.412781,-2.677093,8.356933,-9.137186,-10.218026,4.1570253,1.067935,-5.3676534,-10.118765,-4.5728626,-7.769059,-11.723385,0.77628756,-3.1771452,-7.593834,-0.86842203,-1.8887542,-1.5727317,-2.7909017,-1.9716914,-0.55587804,-6.2168694,-4.2609453,-2.006208,-3.4739377,-0.94482374,-2.8751428,-5.3183613,-3.9178333,-2.7720165,-3.8871512,-6.2326455,-3.4510589,-3.1289945,buka
-381.6593,133.78905,2.310591,12.59191,-9.458519,-20.438398,-16.793646,-5.556731,12.596554,-8.593562,-10.485377,2.666711,0.19233729,-2.320504,-9.730203,-3.453042,-7.0866084,-14.132215,1.3379878,-3.5654283,-10.28189,-1.5040686,-1.6243867,-1.4311671,-2.8329713,-2.1454122,-0.9666383,-6.1367755,-3.8772924,-2.460844,-3.9872892,-1.3153398,-1.3124281,-2.7027807,-3.6228418,-2.3009512,-2.6693149,-6.1413455,-3.4670193,-2.74505,buka
-382.40353,142.41551,-3.477764,3.1173499,-6.9668627,-15.300666,-15.323151,-5.543983,14.287417,-5.227483,-9.340156,2.747481,-4.3063235,-6.8934803,-8.689171,-4.9849386,-3.17983,-6.210165,-1.785811,-5.1456223,-7.3101153,-3.696606,-3.2003372,-3.1301565,-5.4807496,-2.8743358,-1.4253033,-3.844162,-1.420715,-2.1339097,-2.1375182,-0.64959234,-2.6501932,-2.819443,-3.0392203,-1.6907429,-0.93270546,-3.2887704,-2.0007727,-1.5155705,buka
-161.25328,49.546173,17.981209,2.8071992,-4.116533,-11.815648,-13.474142,-3.8909667,4.3212643,-0.48620412,-6.7205157,-3.4950962,0.45495343,-4.6290016,-10.215138,-7.3358555,-3.3837698,-3.8314865,-5.2795877,-3.938511,-0.85430616,-1.4134605,-2.7649753,-0.0038257062,0.57422566,-0.41696718,-1.7459905,-2.6044483,-1.4821835,-0.53764194,0.35393125,1.216301,-0.09860668,-1.9658774,-1.9007884,-1.1040837,-1.2265306,-1.9424365,-1.4925904,-1.3004547,buka
-568.25024,123.90501,33.752167,12.822539,12.357624,-1.965623,-5.1567917,2.4736333,4.3041825,0.9354285,-0.2328424,1.4715056,2.2355452,-0.7813994,-4.6693788,-4.9759665,-6.6604633,-9.113619,-4.1259756,-0.1863621,-3.5551515,-4.3180337,-2.0572534,-1.6169523,-1.733244,-2.0376341,-1.9323454,-2.1546514,-3.7744598,-4.3959346,-3.5478797,-2.7233164,-1.9627801,-1.341384,-2.440951,-4.7178254,-4.609496,-3.603377,-4.567739,-5.016502,buka
-453.2317,101.8906,11.774595,11.839193,-8.677873,-4.021065,-0.43501174,5.981938,5.649216,-10.367911,-3.5377247,-1.1634955,-6.357141,-10.588274,-7.3022237,-3.9253101,-7.3930025,-4.755546,-7.0226355,-4.2228975,-2.5598226,-6.704538,-5.0088043,-6.204544,-5.2030525,-5.4891977,-3.9445877,-0.97681475,-3.9301171,-3.4436111,-4.905232,-6.45652,-4.5829873,-4.713459,-5.340344,-4.605394,-3.3011699,-4.3157024,-5.0648866,-5.462521,buka
-392.48077,136.54436,-2.729283,2.542612,-3.9415226,-13.232433,-14.637968,-5.030804,13.280209,-4.261272,-8.416015,2.8793392,-3.422628,-6.559767,-7.9523425,-5.131462,-4.5725164,-6.711245,-1.7057049,-4.8019433,-7.140513,-3.5300732,-2.953748,-3.3706958,-5.7068214,-3.66575,-2.925268,-5.49376,-2.998132,-2.9275444,-2.6814766,-1.1776907,-2.9895554,-3.2594984,-3.5317907,-3.1011055,-2.4437456,-3.8026876,-2.8877916,-2.3082669,buka
-385.24268,128.90819,39.070137,-2.6321924,-8.115794,-13.779469,-15.083386,-5.9740553,0.022845516,-3.0967906,-4.658281,-0.106105134,0.24705584,-6.051781,-9.185319,-8.394948,-8.081634,-5.365706,-1.944652,-3.3137627,-4.941772,-3.0986252,-2.4117067,-2.5460558,-0.92801994,-1.4737135,-4.3933454,-5.052235,-4.4280825,-4.0021844,-1.7700092,-0.42137656,-3.320331,-6.082155,-4.6199117,-2.7376368,-4.5007973,-6.36351,-4.210246,-2.4389684,buka
-453.83725,94.5178,4.6604276,20.769978,2.5661268,-12.360338,-11.947123,-6.850563,7.7999296,-7.782407,-13.821136,-3.0061483,-9.508197,-12.346249,-6.353031,2.177391,3.6859555,-1.1871507,-0.046231706,-0.965611,-2.0534165,-3.6047173,-5.6392107,-1.0134133,-2.071034,-5.5689373,-2.2735083,-1.7702746,-2.8013873,-1.6691297,-2.9525414,-3.5075896,-1.095877,-2.8185782,-4.887605,-1.8701549,-1.3614203,-1.8561039,-1.3761784,-2.9145496,tutup
-351.44055,113.72449,-11.23998,16.726305,-0.53198063,-10.6993,-3.8441734,-3.6718764,5.4399743,-7.4209905,-7.352858,-2.4933455,-9.650406,-7.5271826,-7.423112,-1.9362336,0.3579456,-2.7461038,0.23658012,-3.2214692,-4.028941,-2.2261035,-2.015399,-0.5337083,-4.257492,-4.9885397,-4.2216506,-4.5166693,-2.3440342,-3.3171446,-4.053155,-3.317968,-3.0821664,-3.2825294,-3.035142,-1.0611525,-2.288657,-2.7099407,-0.9530934,-2.8443604,tutup
-448.35403,118.11886,13.412816,25.554401,0.70033145,-16.508015,-21.274624,-10.020006,21.897024,-3.3989065,-22.28524,-0.40577933,-5.8735404,-18.8967,-11.492552,0.0025532548,-0.628632,-6.7154264,-2.8494189,1.0657381,-1.3412772,-3.0668952,-1.1859148,-1.9057162,-5.641822,-4.3119664,-3.1176782,-4.5275974,-3.5072117,-1.2785763,-3.0170712,-4.9641724,-1.3381449,-4.4127493,-7.062762,-0.07661982,-0.578038,-1.6807696,-0.09028486,-3.1459758,tutup
-319.52377,56.440365,9.574535,6.4491005,1.8990104,-7.8046975,-6.874649,-0.78384036,3.468956,-4.2894716,-7.962218,-1.3486109,-3.2377565,-9.083421,-5.503682,-0.6714525,-0.83795786,-1.7413715,-1.1661688,-0.26098,-0.80609685,-1.4902073,-2.222023,-2.472327,-3.160931,-4.192258,-3.7496042,-3.064749,-2.897239,-2.4282203,-2.466265,-2.0627127,-1.92137,-3.3240573,-3.1854181,-2.2507935,-1.9683703,-2.1226797,-0.8841345,-0.9515715,tutup
-224.27652,44.081055,18.944225,13.5352745,4.928489,-10.181259,-15.594826,-3.535423,6.35199,-2.7876937,-7.963227,-1.8199387,-2.9979088,-9.690921,-8.531247,-2.7465858,-1.3893731,-3.7593102,-1.3510307,1.9721923,0.5980597,-2.1751714,-2.9923182,-2.476232,-3.257316,-4.0721993,-1.6245388,-1.008164,-1.3457865,-0.057958364,-0.54285353,-3.0971694,-3.3845475,-3.0290122,-2.902032,-1.8166668,-1.5584388,-1.0092068,-0.8100999,-1.888329,tutup
-423.78162,116.56039,-12.1873455,16.381395,-0.5073175,-12.123138,-4.677289,-3.4482794,4.651991,-8.031105,-6.139818,-1.7504685,-9.800362,-7.6928644,-7.7706947,-2.1264682,-0.85105073,-4.145125,0.4461377,-3.3601,-5.369199,-3.8222942,-3.5468647,-0.8834254,-3.7851605,-4.7523355,-3.9087956,-3.851319,-0.3063465,-0.04521129,-1.0444885,-1.670725,-3.57969,-3.693962,-1.9884351,-0.9559112,-3.2500598,-3.314065,-1.240076,-3.2433007,tutup
-387.02454,95.50417,23.50729,19.972815,-2.0757198,-20.693243,-16.07105,5.946544,9.134609,-12.043692,-14.126781,-3.014691,-8.970916,-13.465392,-4.299009,4.2582636,-0.89668393,-7.2047033,-0.96238977,-4.083694,-7.0204954,-5.021157,-6.729612,-7.3039517,-7.6954236,-5.0102997,-7.3336306,-2.030144,-3.6940694,-6.8856235,-3.9143617,-5.651372,-3.3262372,-4.487629,-0.75019604,-2.702919,-4.6995964,-2.817734,-5.1602383,-6.015781,tutup
-464.95743,111.51502,15.84123,24.743101,4.410222,-14.762688,-19.682379,-6.496868,21.18912,-2.0679765,-17.500044,2.20162,-6.1809936,-18.715557,-9.759729,0.22340348,-0.5818502,-5.698435,-1.5687008,1.0055826,-3.28556,-3.2887576,-3.0927892,-5.617203,-6.1910315,-6.1242104,-4.891103,-2.8403268,-2.6082976,-0.87475073,-2.1964731,-5.7435713,-3.1430702,-4.8656797,-7.1090083,-2.1168816,-2.7944043,-3.5445282,-1.6739408,-3.7468348,tutup
-211.21751,55.0277,11.24782,3.4084992,2.8850923,-5.0620255,-7.86305,-2.9568923,2.100629,-2.4139466,-6.073551,-1.7819775,-3.0461526,-8.599126,-9.34009,-3.7176466,1.0364015,0.3802305,-0.763932,0.5840135,0.32095203,-1.2119544,-1.9708586,-0.50320953,-1.0604105,-3.5881908,-4.4780126,-3.673561,-2.3627973,-1.1602813,-1.3844085,-2.0409021,-1.0790796,-1.1417927,-2.5595624,-3.464836,-2.88337,-2.3105836,-1.8589606,-0.5373802,tutup
-471.25815,96.4344,6.0532646,14.702601,1.014906,-10.787641,-5.745471,-2.3797338,6.028356,-6.4942355,-11.882001,-0.35947472,-5.1884575,-10.872924,-6.4512906,-0.5908253,0.07435779,-3.2729006,-1.8548542,-1.0747887,-1.6979388,-1.9377309,-3.3244662,-3.0680325,-5.1314692,-6.5486155,-4.969371,-5.3120584,-4.656504,-4.0265446,-4.613375,-3.776952,-3.5510097,-4.018397,-3.3291857,-1.9784715,-2.6016476,-3.226218,-1.3048145,-1.8815628,tutup
-224.80424,55.03964,24.627378,17.582718,4.836863,-12.357568,-17.666803,-5.1375847,7.3746195,-3.7762136,-10.012387,-0.5587457,-3.687669,-13.372751,-10.895369,-3.0913935,-1.2992034,-5.911679,-4.507164,0.38233033,-2.0670974,-5.5718336,-3.302151,-1.6311771,-2.789839,-3.9989567,-2.7728481,-1.1404344,-3.0667562,-3.1650424,-1.336678,-2.2760162,-2.8219206,-1.998213,-3.0610118,-2.6504073,-2.2812412,-1.7346199,-0.74965453,-1.2016156,tutup
-255.45183,44.50716,18.15451,13.019925,4.450277,-9.820164,-14.377564,-2.207169,7.919879,-1.7054235,-7.8229523,-0.7349358,-3.4138722,-11.377391,-9.013997,-1.3227288,-0.09020808,-3.5343204,-1.9756341,0.9405715,-0.2994228,-2.174796,-2.0039563,-1.941066,-3.619897,-4.0191355,-1.6808579,-1.4445592,-2.220809,-0.8071433,-1.2411704,-3.226826,-3.2355118,-3.0965939,-3.5867088,-2.5390065,-1.8426337,-0.77776945,-1.0360652,-2.0783193,tutup
-235.52644,33.132957,11.301774,5.1617675,0.26881337,-9.433811,-10.214043,-1.6651753,3.1424391,-1.1973597,-2.2928858,0.51137877,-3.3550847,-7.9027147,-5.4649377,-0.9463601,-1.9049007,-3.2243252,-1.5619888,-0.18550895,-1.0161955,-2.4763446,-2.274027,-1.5599312,-3.3105326,-3.0903623,-1.1811365,-0.29566696,-0.44924414,-0.25607976,-1.1366745,-2.3633852,-2.265185,-1.9063658,-2.0682337,-1.1678405,-1.2927616,-2.086443,-1.7874463,-1.3665909,tutup
-218.80714,48.08569,9.589829,3.3925793,0.6622731,-8.238967,-5.5874286,4.274872,-0.13328075,-10.518103,-7.09288,-3.069326,-9.370036,-8.913081,-0.23685455,2.3980124,-1.2065432,-1.5532595,-0.5564003,-1.1656288,-1.7896674,-1.722878,-1.2580568,-4.144333,-7.534806,-5.6260533,-2.5617676,-4.288481,-5.399949,-3.4134233,-2.828538,-3.0457945,-2.3174407,-0.7309118,0.36179844,-0.9379675,-2.9956877,-3.8169394,-3.6475768,-2.3005323,tutup
-240.6158,54.623505,25.889826,14.868709,2.6556003,-13.144636,-16.175507,-3.3289597,6.241557,-2.7308629,-9.114843,-3.8955846,-4.996711,-11.363258,-8.833677,-2.0384905,-0.91394615,-3.8427403,-3.0780303,1.1199489,-0.05057655,-1.9951516,-1.2777013,-0.32287034,-2.3340132,-4.0224743,-2.924899,-2.7203531,-3.743007,-3.5977855,-3.5352883,-4.41461,-4.6469607,-4.2068124,-3.6491005,-2.8124416,-1.607751,-1.212752,-0.99797726,-1.3959794,tutup
-261.9083,64.051796,20.72184,14.341831,7.1092744,-12.195249,-18.36335,-3.4526968,10.696643,-0.9572481,-12.9052725,-3.984683,-1.1670908,-10.670424,-10.000302,-0.21281143,0.8538904,-3.437098,-3.303978,-0.9667405,-0.2524701,-3.165628,-4.1512485,-2.7052975,-5.01913,-6.060122,-3.463199,-4.1738567,-4.5647078,-2.309818,-2.9363096,-4.46924,-4.0874286,-3.9012437,-3.789303,-4.098182,-2.7686343,-0.39017206,-2.0878162,-2.8173654,tutup
-229.76282,56.186714,18.229267,8.56933,7.496967,-3.8431263,-13.708541,-9.691833,2.5145798,2.3448784,-7.0094132,-4.8649974,-0.39625952,-4.8875747,-9.756641,-8.077133,-2.0073137,-0.8205321,-2.6731179,-0.7918101,0.96326756,0.84068805,-0.6582225,-1.1665372,-0.71190435,-0.28285232,-1.4588972,-2.194811,-2.205634,-2.2979705,-2.968409,-3.1736012,-2.9214492,-2.7913487,-2.5095034,-2.4492693,-3.030336,-2.5120244,-2.2603714,-2.3503523,tutup
-472.50192,98.04663,11.930004,18.097498,18.985386,-2.3349922,-10.2857485,-13.000303,-0.36753264,9.18562,-4.0009227,-6.589958,3.3629134,0.8295248,-8.11326,-11.841186,-8.421922,-3.514664,-4.704448,-7.135961,-4.9446445,-1.1466597,-0.03589124,-1.5435958,-2.022386,-0.9682024,-0.67528826,-1.593348,-2.1938841,-2.1794608,-3.6112585,-3.3927987,-0.30374336,-1.6201651,-3.962948,-0.8184473,0.35668698,-2.0465746,-2.6370275,-2.6993852,tutup
-169.98334,46.61516,5.9623537,0.07793563,3.9250362,-2.84318,-5.132789,0.63872474,0.59686494,-5.7447467,-7.096312,-5.2081885,-6.669754,-7.8343196,-4.885127,-1.6281819,-1.1183609,-1.5542129,-0.2839018,0.06063812,-0.119665466,-0.30036724,-0.7603188,-2.2774096,-4.095252,-4.795629,-2.9074428,-0.39352012,-1.0715065,-3.3828568,-3.3380325,-1.5451766,-2.278221,-3.53264,-2.0594738,-0.7684574,-1.1825429,-1.2157142,-0.46047089,-0.9353732,tutup
-382.34375,108.96526,-11.592994,13.220065,4.4039693,-8.477815,-3.8884344,-1.8468294,5.7225623,-8.480678,-10.829855,-4.5070944,-12.31215,-10.654733,-6.645615,-2.0583606,-0.36375174,-2.9935884,0.22778141,-1.0100895,-1.414513,-0.24918792,-2.635314,-2.3150964,-5.282971,-7.119327,-4.2864666,-2.2109249,-1.6178393,-4.9429665,-5.208801,-2.2278404,-2.7740555,-3.3848665,-2.5555146,-0.85292786,-0.7226724,-1.2940861,-0.3036802,-1.5089788,tutup
-218.72963,43.765533,9.001337,1.707805,0.7720603,-5.323192,-5.9598384,-0.35326928,1.382333,-5.1760397,-6.7665267,-3.2204058,-5.727202,-9.428931,-6.3460503,-1.0086997,0.12941971,-0.95682377,0.19997309,1.5332661,0.18481162,-1.6088169,-0.968009,-0.5345856,-2.859621,-5.0728316,-3.3428223,-1.4562837,-2.02025,-2.8635125,-2.9275813,-2.6668503,-2.7769496,-3.6864777,-2.6776025,-1.5476851,-1.391346,-0.9093606,-0.71762323,-1.0090207,tutup
-187.78502,30.065966,10.294381,6.254042,2.8087049,-7.818004,-10.983042,-3.677414,0.023447309,-5.087399,-6.3615294,-3.2483556,-5.089637,-9.179266,-6.4293556,-0.58350974,0.4184238,-0.75312513,0.3652517,1.8355216,0.34118462,-1.712488,-2.4078867,-0.28750244,-0.70012283,-2.229509,-0.6241759,0.9837206,0.35242647,-0.18827336,-0.60917604,-0.9982772,-0.9822505,-0.735009,-1.1767188,-0.59383214,0.07525476,-0.19277647,-0.25208828,-1.5219506,tutup
-218.73761,38.350002,9.651714,7.209788,4.0377727,-7.910895,-10.935835,-3.2289507,2.3849847,-4.0530734,-6.762757,-2.1360612,-4.311843,-9.400391,-6.1052947,0.1303979,0.4114241,-1.0957742,0.23702896,0.54087996,-1.2314721,-3.5846157,-4.136531,-1.5962952,-1.5144541,-3.5358396,-1.8612714,-0.5255157,-1.3333904,-1.5073938,-2.579501,-3.0275257,-2.315036,-2.5011296,-2.7342153,-1.4997323,-1.6872909,-1.6016575,-1.9871589,-2.751239,tutup
-219.6536,38.752357,6.3451986,1.7835021,2.7504544,-4.559072,-6.796343,-1.8035849,1.1377773,-3.4385614,-5.6736627,-2.6435065,-1.9285238,-4.460157,-3.954249,-1.5237118,-0.7542644,-0.76697797,0.037217043,-0.099638596,-0.54532725,0.047861468,-0.40722534,-0.57217145,-0.9220629,-2.078876,-2.987684,-2.170201,-0.7812281,-0.7977994,-2.2047985,-2.3724174,-1.8527946,-1.680322,-1.5742753,-1.4099774,-1.7869291,-1.5798719,-0.7058086,0.32184666,tutup
-451.5729,86.95605,1.0581529,8.926881,-10.239237,-11.529525,-2.8111455,2.2649734,-4.790207,-16.81083,-4.1389866,-5.131481,-10.30965,-0.33313683,2.7689033,-2.6551971,-4.860737,-2.4501345,-4.184067,-5.3112526,-5.335449,-5.6906004,-5.354048,-4.935039,-2.5398774,-3.478699,-4.570111,-3.8694427,-3.876911,-3.0678458,-3.393118,-3.6518865,-3.4783638,-4.468685,-4.945209,-3.7309446,-3.7932599,-3.679716,-1.8455663,-2.6129148,tutup
-467.00092,114.515526,12.87522,26.03009,5.4341397,-14.73208,-19.868547,-5.9923406,22.219013,-2.7074091,-17.347958,3.1024163,-5.3654914,-17.66733,-9.955187,-0.09965366,-0.73918456,-5.577732,-0.8154004,1.1965079,-2.856481,-3.303402,-4.1293,-6.2109876,-6.6287413,-6.792195,-5.928827,-3.352901,-2.3758662,-1.1642481,-1.9573596,-5.2955203,-4.061962,-6.1869693,-7.7030945,-1.8068165,-2.2441502,-3.0991945,-1.311424,-3.5507092,tutup
-193.31256,47.850487,9.113762,2.836179,1.3268024,-5.745412,-6.8731236,0.2895284,3.8101592,-3.209478,-6.1602116,-2.4806361,-4.792157,-8.443711,-5.395859,-0.07885789,0.9283861,-1.4209839,-0.76697665,0.12686458,-1.4728752,-2.3376522,-1.623427,-0.37120765,-1.5557028,-4.4221945,-4.0174623,-1.7572283,-0.6612178,-1.7666866,-2.495616,-1.9681066,-1.5554439,-1.798276,-2.8794003,-2.6782484,-1.9306861,-1.9199288,-1.5439475,-1.6499599,tutup
-200.33514,41.31135,10.044258,3.094785,5.2718334,-1.1349956,-5.92992,-2.9934235,1.8657155,0.5025426,-3.8370745,-3.8741941,-1.6236968,-3.2594805,-5.877731,-4.159155,-2.2241678,-2.186577,-2.3088615,-0.9786331,-0.68466717,-1.7858173,-2.540338,-3.1938353,-1.701093,-0.55064636,-1.6236398,-3.3049943,-3.557971,-2.2811408,-0.6972681,-0.17443341,-0.25705105,-0.10593541,-0.097045675,-1.0063143,-1.9318167,-0.746334,-0.86471826,-1.7488536,tutup
-465.84814,119.955765,14.33636,25.493616,3.8860524,-16.158024,-22.3538,-11.186325,22.130205,0.7498198,-20.948061,-0.7672971,-3.901638,-18.467196,-13.915047,-2.4555788,-0.40923417,-5.8577724,-2.800247,2.1386,-0.50631803,-4.14936,-3.0245643,-2.3381603,-5.2092032,-4.289596,-3.1935382,-4.5821195,-2.898565,-0.46271995,-2.488725,-5.598185,-1.6193868,-1.8591974,-8.026057,-4.3487315,-1.4968735,-2.0540369,-0.19391835,-2.9853368,tutup
-206.81573,45.926147,25.045464,13.76412,2.137604,-12.124776,-15.138834,-3.7587647,4.3536754,-2.1199439,-6.7813163,-3.0939052,-5.233666,-10.155924,-8.234437,-2.2059686,-1.0351431,-3.591753,-2.3246677,0.10004181,-0.59587836,-2.1907823,-1.2134591,-0.024633419,-1.5290202,-3.3900578,-3.1768725,-2.5894969,-3.4491668,-3.070102,-2.3205569,-3.0784223,-4.1461105,-4.2136316,-3.546409,-3.2804832,-1.6389184,-0.62122285,-0.72538006,-0.7741594,tutup
-428.1608,98.23156,5.579654,21.706793,3.0523355,-12.714533,-12.096189,-6.2267256,9.574175,-5.6753235,-12.010552,-1.004951,-8.412914,-12.741681,-6.913541,1.6609913,2.9826362,-1.759299,-0.21487796,-1.1190381,-3.2801757,-5.2581396,-6.789959,-2.2606192,-3.0619843,-6.161859,-3.0817444,-2.3284507,-2.8789089,-1.9388252,-4.101565,-5.3271093,-2.815422,-4.0706306,-5.398155,-2.1539717,-2.1617513,-2.9083943,-2.5012016,-4.116257,tutup
-386.26358,93.21304,23.563564,18.208838,-2.2511642,-20.902035,-16.085915,5.836796,7.406798,-11.015759,-13.968954,-6.363362,-9.595634,-12.8389635,-1.8617811,5.3278375,-4.0497336,-6.158807,-2.6507938,-2.1016786,-6.7907796,-8.701625,-4.5046773,-6.704083,-8.675802,-5.7462773,-2.9817204,-6.288868,-4.033904,-3.6069505,-8.267708,-4.8458266,-1.974049,-3.9866197,-2.9406705,-1.6108968,-4.0222883,-6.387337,-3.4742744,-4.078189,tutup
-454.0538,98.71526,4.5154796,21.62657,3.1129453,-12.97086,-12.317981,-6.0742984,8.884731,-7.2400727,-13.135845,-2.6419241,-9.588275,-12.7040825,-7.446625,1.1286933,3.0533242,-1.1600257,1.1108861,0.25744474,-1.6782271,-3.7353592,-5.9789996,-1.255119,-1.644275,-5.359043,-2.8026145,-1.0792487,-0.8351084,-0.7119437,-3.6252873,-4.709321,-1.7964858,-2.8373005,-4.117591,-0.9525546,-1.1991526,-1.8763212,-1.4092178,-3.2672503,tutup
-222.42265,57.15415,27.435894,16.162527,3.5186508,-13.213319,-16.42422,-4.893605,4.3635387,-3.535888,-8.928874,-2.779279,-3.7920828,-10.290062,-8.308129,-1.0647725,0.2694578,-3.793413,-2.6027944,0.5060096,0.12254653,-0.6394172,0.46167004,0.53995997,-2.176051,-4.4217973,-4.028121,-3.730466,-4.852549,-3.9733765,-2.5970004,-4.1870804,-5.8404965,-5.7134676,-5.2785535,-3.990162,-2.196016,-1.1786927,-0.69371307,-1.0789747,tutup
-415.70996,109.53947,-11.894316,13.167879,5.0289154,-9.256698,-3.8878503,-0.82120824,6.1402535,-7.6442423,-10.070274,-3.753286,-11.381993,-10.131235,-5.746495,-1.0741352,0.42583668,-2.3941126,0.40889397,-0.559949,-1.045943,-0.021482073,-2.0308738,-1.9366865,-4.999562,-7.002025,-4.858601,-2.7857418,-2.0600903,-5.5479608,-5.604946,-2.675605,-3.7202048,-4.3505983,-2.7924776,-0.61034745,-0.8804493,-1.4797707,-0.29772624,-1.7944884,tutup
-153.3569,40.038704,12.882895,4.5633516,2.5186954,-5.6321416,-8.479219,-0.73362947,2.437248,-4.5243897,-6.7666993,-2.842707,-5.480416,-10.352028,-7.754085,-2.0307908,-0.7678779,-2.1224284,-0.8572124,1.0750053,0.4855336,-1.3235397,-1.6521745,-0.6679962,-2.2451649,-4.6222744,-3.6245458,-1.2158933,-0.5324921,-1.3578134,-2.4184835,-2.4120405,-2.6800578,-3.2311938,-3.0172904,-1.9060787,-0.6912703,-0.08624892,-0.13811934,-0.573608,tutup
-446.54504,96.46276,-2.5966277,12.95853,2.3410873,-11.189131,-6.805915,-0.259637,8.184676,-4.4044433,-8.152328,-2.766469,-8.910163,-10.84219,-7.196288,-0.5623653,-0.43311954,-3.5376663,-0.9087716,-2.7737293,-3.7988603,-3.0193136,-3.153496,-1.3417162,-4.041037,-5.8903165,-4.2796607,-3.2704344,-1.274033,-1.632188,-3.5638263,-3.516137,-1.9169056,-1.5887343,-2.4907634,-0.6776776,-0.17993253,-2.2789726,-1.9559493,-1.3923054,tutup
-208.59305,46.305435,11.325274,3.3593454,2.2537568,-4.937077,-6.4180965,-0.742749,-0.4523312,-6.54202,-6.8651924,-3.7252698,-5.70571,-6.7466307,-4.2421184,-0.90297365,-0.6437926,-1.2593474,-0.36074314,0.35510945,0.3937248,-0.25414315,-1.3158447,-0.8847185,-2.205267,-4.5405936,-3.4404078,-1.577301,-1.8067906,-3.6653914,-4.0135345,-2.881326,-2.5331092,-3.314011,-2.480295,-1.766578,-0.63305163,-1.1527333,-1.7812848,-1.1724937,tutup
-224.99445,53.16657,14.26078,5.860898,1.5028585,-8.925563,-11.699197,-2.1805766,4.465642,-4.466735,-9.322089,-3.2686043,-5.0257807,-9.968598,-6.2342153,0.4664445,0.46786234,-2.4984035,-1.1737778,0.08468705,-1.2317505,-2.4239244,-1.8318355,-1.7916064,-2.346442,-4.0457807,-3.713988,-2.2334352,-2.0886645,-2.382851,-2.7400696,-3.4987574,-3.4425728,-2.8135142,-2.6208231,-2.109961,-0.80507636,-0.28842458,-0.33161587,-0.903587,tutup
-436.76535,93.59174,-7.3661585,8.010585,-4.4404597,-11.665417,-3.2990859,1.8697529,-2.4847288,-15.172622,-6.757249,-7.4729586,-13.581037,-4.1996284,1.8197333,1.2674468,-2.772694,-2.2134748,-2.3741424,-3.6566763,-1.965501,-5.0537252,-4.6542635,-4.5598674,-7.2549286,-4.9485817,-4.2217755,-5.4309335,-6.094741,-4.4349823,-1.4251357,-2.3486848,-2.988296,-0.35958046,0.39805543,-2.451624,-3.1057103,-1.3035144,-1.7747157,-2.3114696,tutup
-202.70876,52.70763,12.163136,5.215261,4.208028,-5.98155,-9.010781,-0.6656979,2.8233068,-5.8704653,-8.592736,-3.4121168,-6.5465827,-12.739092,-8.121515,-0.83077866,-0.8700301,-2.90535,-0.9714192,1.0013342,-0.12418371,-2.150434,-1.8742278,-0.42222035,-2.7213378,-6.194541,-4.1699796,-1.2489926,-0.8490585,-2.3651056,-3.269938,-3.3658497,-3.3047633,-3.769784,-4.3101206,-3.1436663,-1.6655798,-1.1118361,-1.0582554,-1.4273102,tutup
-386.0184,92.54067,26.569576,14.005308,-4.864741,-21.291815,-16.190456,6.10801,8.671175,-16.02038,-17.594568,-1.197258,-10.613333,-15.151819,3.8878372,3.5242937,-6.8054423,-4.891258,-1.9903841,-6.550015,-6.4446983,-6.895137,-6.010783,-8.005623,-6.7704606,-3.4380798,-7.511271,-2.034779,-6.7038727,-6.068969,-4.205772,-6.5218577,-0.5820238,-4.6484056,-2.201539,-2.398833,-6.6327324,-5.0915833,-3.4544125,-4.6750107,tutup
-247.83672,51.778175,9.704892,1.4417907,0.40401012,-6.10141,-5.032434,0.7804422,0.024642985,-6.7274666,-6.2459826,-3.1278684,-6.1022925,-8.491581,-5.3774543,-1.0688951,-0.7881836,-1.8910936,-0.5783709,0.20671271,-0.09593015,-0.78000927,-1.5179857,-1.509314,-2.082706,-3.1040885,-2.0008912,-1.2435029,-2.2330196,-3.4645529,-3.8245747,-2.6760156,-3.0485497,-3.2776535,-2.0423784,-0.9443054,-0.9072036,-1.5336077,-2.1899896,-1.8472934,tutup
-411.05438,92.95069,21.98034,22.083202,8.950508,-10.527013,-20.143528,-6.7934184,10.979658,2.3530624,-9.173258,-1.5873321,-2.1255298,-14.826162,-14.889851,-3.9062843,0.12538655,-3.6373427,-3.6661546,-0.30920005,-0.48558995,-2.1383252,-3.2736752,-3.4844291,-2.1674116,-5.988009,-9.57068,-4.421022,-1.990921,-3.089212,-0.7806672,-2.4973514,-5.163755,-3.8250694,-3.1681967,-4.8061323,-6.0246806,-3.3110375,-1.3134011,-2.6996703,tutup
-234.5438,42.260868,9.242359,7.8137383,4.2360673,-7.6029534,-11.088853,-3.7197893,2.8618274,-4.646961,-7.9673524,-2.1253335,-4.288638,-8.905186,-5.8303576,-0.15805776,0.5516684,-1.1186364,-0.49260965,0.65304476,-1.2644638,-4.3746924,-4.301992,-1.4121381,-1.5484022,-3.7189822,-1.7985489,-0.4891276,-1.2582536,-1.2922839,-2.2149577,-3.4070282,-2.3888426,-2.2070172,-2.5803788,-1.5721939,-1.4506062,-1.1186136,-1.0421225,-2.7241669,tutup
-205.77335,35.135246,13.555684,7.0656137,2.2199626,-7.994921,-9.999648,-2.4999409,2.3098724,-2.4637704,-4.9336524,-1.470488,-3.1213872,-8.29766,-6.79308,-1.9021459,-1.5169318,-2.8478425,-1.2948025,0.59703946,-0.049382437,-2.1853678,-2.6349003,-1.5629352,-2.2503266,-3.5635808,-1.8451902,-0.57075775,-0.5757482,-1.1350197,-1.0674132,-1.9110063,-2.2569182,-1.9416801,-2.3785665,-1.8144233,-0.7917672,-0.79166037,-0.86917335,-0.9542394,tutup
-442.6561,88.45499,1.7245657,15.7008505,-13.227083,-16.30332,-7.949969,4.453145,-2.8490407,-18.227957,-3.7133453,-8.13068,-9.039556,3.6833856,5.321981,-2.7408156,-8.468006,-5.543157,-6.7448115,-5.3857584,-3.93505,-2.7282248,-2.8821692,-6.8511124,-3.6220973,-4.445711,-7.3724537,-4.577732,-4.0598106,-2.4504356,-1.9954952,-5.5960875,-4.288016,-3.6193578,-5.5434747,-2.9855988,-3.6339624,-5.001757,-4.82941,-5.875673,tutup
-275.59912,75.128296,-3.1166766,3.844912,5.6675706,-5.700612,-4.3296747,0.67892617,3.041054,-6.4690385,-9.660353,-5.1017566,-8.806485,-9.899565,-6.022454,-2.5144615,-1.3482091,-1.5199556,-0.11845989,-0.42611438,-0.7224459,0.042679273,-1.31472,-2.870388,-4.7115026,-5.863541,-3.65166,-0.972763,-1.3095236,-4.444728,-4.7077665,-2.3256218,-2.7448225,-3.8506043,-3.2475255,-1.6690143,-0.99485946,-0.65146184,-0.06633374,-0.99536043,tutup
-137.29546,34.824776,17.932623,10.166165,4.3934555,-7.380243,-12.539583,-3.9037986,4.3784266,1.2116088,-3.105735,-0.075438,-0.20990765,-6.678716,-9.2690115,-5.369329,-2.6318138,-3.9384105,-3.8719213,-1.0255307,-0.35480255,-2.017998,-2.9036655,-1.405512,-0.71249676,-2.4018242,-2.8993816,-1.5982181,-0.55167806,-1.9356711,-2.1477723,-1.7889733,-1.9847661,-2.802539,-2.7544427,-2.105807,-1.3436321,-1.1031458,-0.90775996,-1.0451169,tutup
-185.80809,43.24932,7.2171593,0.498705,3.794825,-2.053983,-4.8047805,0.2774556,0.9455912,-4.657836,-6.7033186,-5.3629856,-6.355455,-7.282869,-5.4893603,-2.0175018,-0.30373594,-0.20790508,0.18665206,0.28472206,-0.03766734,-1.0508248,-1.094918,-1.9047405,-4.37517,-5.1043134,-2.5968227,-0.046702586,-0.47699338,-2.9953604,-3.7977512,-2.0311496,-2.949532,-3.828763,-2.1364367,-1.4048235,-0.69808054,-0.086016044,0.13417767,-0.36741444,tutup
-420.3324,110.237465,-9.272669,11.187595,6.081485,-9.524021,-5.089404,-1.5041347,5.3009925,-7.0150714,-11.409335,-4.9622107,-10.857341,-10.011067,-6.1842384,-2.637969,0.1476067,-2.3009188,-0.007085364,0.39353403,-0.18610908,1.3631438,-1.0223074,-1.5968277,-3.382481,-6.4678435,-5.6988077,-3.6617982,-2.0044599,-4.935348,-6.519588,-2.9278114,-2.9855685,-4.518724,-3.5083382,-1.7418095,-1.0519063,-1.3454149,-0.59908944,-1.3448627,tutup
-409.7413,97.62581,38.177406,27.208048,11.852962,-8.776148,-21.753159,-14.786158,7.151009,10.999302,-10.782183,-10.193479,4.6386623,-6.969436,-15.999424,-8.5907545,-1.6540534,-1.0985804,-7.833322,-0.7536974,-0.7270645,-1.932387,-3.312971,-4.1662426,0.22544083,-5.3605695,-0.7374919,-3.6996927,-5.074082,-2.3656242,-5.5716667,-3.7311697,-0.20081593,-5.8875785,-0.0914163,-4.661118,-6.412433,-2.4081328,-4.8177686,-4.3407397,tutup
-231.31966,50.68559,8.754788,1.1239023,1.3389229,-5.369622,-5.536461,0.38038883,0.9328559,-5.736929,-6.6863036,-3.1932802,-5.511383,-8.092798,-5.1989155,-1.3056226,-0.86434406,-1.1910372,-0.17348145,-0.02549457,-0.63734365,-1.1226637,-1.7695181,-1.4745127,-2.1023958,-3.465652,-3.0863225,-1.8181152,-1.8624098,-3.7115853,-4.6022854,-3.714696,-2.9335783,-2.791894,-2.2507954,-0.7224831,-1.171251,-2.1031232,-1.8598454,-1.4372385,tutup
-203.90936,58.911373,3.996625,1.4126436,1.9753568,-6.5861597,-5.5383453,0.5222412,0.6701966,-5.228588,-5.060864,-3.7691083,-6.2484703,-7.2810874,-4.8430295,-1.3962504,-0.6091538,-1.193559,-0.679364,-2.1433342,-3.3437595,-1.4527067,-0.30358788,0.051304534,-2.2359383,-3.9968076,-3.1543155,-1.7743443,-1.4345763,-2.4341414,-2.6994958,-2.0252008,-2.0161994,-2.5756476,-1.5299877,-0.6120013,-1.7448033,-1.2400916,-0.57928544,-1.3631061,tutup
-419.5783,109.8167,-6.2493396,14.467559,-3.4011383,-15.150524,-12.4158535,-0.9894321,11.075416,-14.70301,-13.669441,-1.5914419,-13.275597,-12.389039,-4.0260653,1.0256449,-2.2593591,-4.16416,-0.8717665,-4.2145905,-4.085194,-3.0403035,-3.8494003,-3.5529716,-5.3504376,-4.7789125,-3.4303741,-2.8830018,-2.8427615,-3.27168,-3.5840523,-3.4715009,-2.0493178,-2.816821,-1.551776,0.5890616,-2.3348553,-3.925815,-3.5589437,-2.787176,tutup
-474.79327,96.48823,-2.5756152,12.9826565,2.367866,-11.161848,-6.7795362,-0.23277687,8.208369,-4.382675,-8.127413,-2.7441003,-8.891799,-10.819449,-7.16393,-0.5315743,-0.4124071,-3.514561,-0.8807301,-2.7473483,-3.7727199,-2.992185,-3.1245675,-1.3138387,-4.0139914,-5.8612924,-4.2523637,-3.24578,-1.2512738,-1.6098944,-3.5393481,-3.4897876,-1.8894016,-1.5633923,-2.4678233,-0.6527538,-0.15374331,-2.253942,-1.9316821,-1.3670963,tutup
-203.37231,48.863213,19.189884,12.855581,4.6174374,-11.379702,-16.1921,-3.5039294,6.52123,-2.779813,-10.242605,-3.144548,-4.3996677,-11.793794,-8.5992,-1.2722888,-0.58786595,-3.947732,-2.8913374,0.8996086,-0.016958766,-3.2230084,-3.3130052,-1.9971111,-3.1841788,-4.2585907,-1.8321439,0.20979871,-0.0055100718,0.47950882,-0.5724313,-2.2401388,-2.9562895,-3.7416365,-3.4374316,-2.4022171,-1.3547555,-0.6419057,-0.6905895,-1.7018155,tutup
-438.02917,117.36985,3.6728773,21.831232,4.6131287,-10.140552,-8.885429,-5.876691,10.391101,-6.9862986,-15.477937,-1.2148304,-9.229978,-15.935418,-9.1630125,-0.57465404,-0.06770563,-5.0779033,-2.0137706,-0.540055,-2.6276484,-3.6572,-4.140894,-1.895316,-3.8678174,-7.498814,-5.8936796,-3.5758464,-3.0650346,-3.6286952,-4.7379003,-4.5642495,-2.9016101,-4.1082163,-5.4337444,-2.700915,-2.0676978,-2.688684,-1.613149,-2.0011005,tutup
-145.91035,41.613773,14.4128475,5.6160307,4.9337034,-3.4959915,-8.317681,-2.1511743,3.768499,-2.7839403,-7.6596794,-4.172319,-2.4933443,-8.351596,-10.660155,-6.163887,-1.110925,-1.4663475,-3.2053387,-2.5386195,-1.461763,-0.80187714,-0.80123544,0.5095803,2.1003015,0.8288582,-3.498526,-5.479702,-3.7082028,-1.8153185,-1.5514393,-0.99299586,-0.9803365,-0.9488596,-2.0011692,-3.7654638,-2.3832233,-0.9786176,-0.043083686,1.4791136,tutup
-381.25388,108.96329,-11.595113,13.217124,4.4026237,-8.477237,-3.8884873,-1.8489928,5.719299,-8.482209,-10.830605,-4.508383,-12.311889,-10.654132,-6.645876,-2.0593252,-0.36640203,-2.9964006,0.22589713,-1.0115348,-1.415638,-0.24876846,-2.6328812,-2.314147,-5.2834454,-7.1191616,-4.286412,-2.2100346,-1.6176887,-4.9448366,-5.210432,-2.230044,-2.776908,-3.386191,-2.5544612,-0.8505048,-0.72154367,-1.2941506,-0.3033228,-1.5094677,tutup
-473.97885,120.455025,23.011703,26.311972,1.2843739,-18.782806,-20.443733,-6.4410763,17.983822,-4.019277,-18.210497,-0.5386204,-5.9915905,-16.5566,-10.000495,0.052969325,-0.44130847,-6.666476,-3.19909,0.554102,-3.2019184,-5.0636206,-2.0399265,-1.8465765,-4.7311816,-4.582365,-4.7436724,-4.9985046,-4.341732,-3.657028,-3.3448565,-5.7811284,-5.3058343,-5.44838,-6.519805,-2.0148485,-2.4788566,-3.634911,-0.8402981,-2.746812,tutup
-420.14734,112.82718,-3.110991,14.541219,1.4075296,-12.495588,-12.112182,-5.6247973,12.160662,-7.856125,-16.76353,-1.6603063,-8.919999,-13.608279,-7.0557,-0.4462827,-0.5568324,-4.9577475,-0.9727502,-0.34239298,-2.6688402,-1.8099142,-2.9256613,-2.61489,-3.5642228,-5.7529387,-5.3163342,-4.463097,-3.9418418,-3.2353306,-3.1424947,-4.758556,-3.6938877,-2.1983008,-3.6320176,-1.8607311,-0.8066024,-1.872519,-1.2777971,-2.4482794,tutup
-177.25584,42.56334,12.82888,4.484886,1.476289,-5.4096794,-6.0774217,-0.15345535,1.7069031,-4.754178,-6.569016,-3.7068036,-6.544257,-10.141406,-7.173624,-1.8275601,-0.29713172,-0.9340189,0.8752139,1.6530505,0.21494427,-1.3378243,-0.77183807,-0.20109011,-2.0642135,-4.141872,-2.7794306,-1.898139,-2.0092483,-2.9010134,-3.211177,-3.2258422,-4.1730976,-3.3541343,-1.621546,-1.1274897,-1.8775101,-1.3367054,-0.26688796,-0.24669205,tutup
-470.41702,112.65427,15.995511,29.380169,-6.127594,-19.658123,-18.587816,2.5568836,21.063925,-18.146296,-16.299692,1.1977465,-19.40095,-18.86211,-2.1273508,3.3802054,-4.9350924,-6.7981796,3.0760741,-3.1034555,-10.302442,-3.7750304,-4.174573,-7.0545235,-4.68245,-5.137037,-4.0045485,-3.9685152,-5.0619407,-3.6584737,-5.360796,-2.8617992,-1.8452637,-3.0723405,0.82281864,-2.386286,-3.7962015,-2.2679014,-6.3967023,-6.0870185,tutup
-241.5434,32.509384,11.240222,3.839759,0.8038943,-4.9668493,-6.237787,-1.0969114,1.6295872,-3.3320804,-5.1150093,-1.3206728,-2.149662,-5.8460956,-4.985419,-1.3741721,-0.65184665,-1.1081402,-0.066467285,0.41369274,0.582917,-0.14002755,-0.67473173,-1.5277122,-2.303925,-2.6049778,-2.1851456,-1.8632343,-2.1955547,-2.044465,-1.8556418,-1.5276836,-2.2590811,-3.017643,-2.8549423,-1.5238395,-0.7274935,-0.8870656,-0.2665015,-0.4085148,tutup
-196.06831,46.927742,23.354397,15.960775,4.573965,-11.694141,-16.88801,-5.1198335,4.9164824,-3.6419053,-8.53945,-1.0736792,-3.027121,-11.611929,-10.41077,-2.9951258,-1.6676198,-5.369008,-3.4771965,0.81891114,-1.1908075,-4.505717,-2.7125764,-1.1539208,-2.6043677,-4.4425054,-3.1689863,-1.074459,-2.2914798,-2.4381328,-0.9485339,-1.6292812,-2.5227315,-2.306354,-2.6110954,-2.6869643,-2.2497237,-1.7235274,-1.1408405,-0.9467194,tutup
-419.95425,93.88519,8.522026,17.75663,3.4074416,-15.679172,-13.355644,-3.0334818,9.843233,-2.7425532,-10.754444,-0.052345857,-6.8909283,-15.291111,-9.048951,-1.6837777,-1.3779441,-5.522229,-3.493788,0.28080866,-2.4606025,-4.8715534,-3.7454185,-2.9568512,-4.1406264,-5.1921225,-3.9213233,-2.2823498,-2.0597343,-1.2919111,-2.1583128,-4.597659,-2.525199,-1.9027227,-4.52026,-1.509598,0.70269006,-1.6026063,-2.1273534,-1.8221906,tutup
-457.04062,96.669785,-4.767489,13.063124,2.6014092,-11.535239,-7.3119164,0.01326168,8.960013,-4.3370614,-7.3502636,-1.6472299,-8.5701065,-10.656377,-7.440379,-1.2582252,-1.2037877,-3.967157,-1.173548,-3.2557218,-4.2583437,-3.9515781,-3.995506,-1.4368874,-4.1012025,-5.9036326,-4.650887,-3.75343,-0.8901693,-0.98780304,-3.015574,-3.1512544,-1.9913527,-2.1239939,-3.5992785,-1.5703856,-0.35753253,-2.1434884,-1.811035,-1.4349424,tutup
-371.63367,84.92778,1.915574,4.035135,-10.483096,-15.661026,-8.840832,8.134201,-8.505336,-19.261536,-9.739574,-7.589257,-10.696908,-0.5391505,3.1582913,-1.272994,-8.902282,0.87248,-7.275995,-3.8071432,-6.4424667,-5.0761967,-5.008226,-7.257267,-4.171161,-4.1666427,-3.4235973,-5.895344,-1.2294604,-3.9994552,-1.0683932,-2.3707564,-2.1059434,-4.4941854,-2.9391775,-3.6938252,-4.4168983,-1.2315245,-5.249391,-5.071705,tutup
-308.30298,36.453403,9.847239,3.0217037,-1.1339177,-7.0896006,-4.5065675,1.2912351,-0.61784095,-6.1822057,-4.7504997,-3.3626394,-7.212606,-6.523326,-0.28336057,1.2762463,-1.3201265,-1.1837053,0.37380823,-0.6753087,-2.1244862,-2.6615465,-2.7532704,-3.5634553,-3.4828303,-1.9761001,-1.8735669,-2.6928966,-2.7900202,-2.1495352,-1.9905626,-2.128664,-0.84638566,0.16127802,-0.51579446,-1.1415396,-1.6275988,-2.3922048,-3.0509214,-2.963356,tutup
-450.84534,94.106995,5.526097,20.77405,2.7811487,-13.33968,-12.853901,-6.429204,8.84048,-5.230582,-10.935889,-1.2374879,-8.530289,-11.950452,-6.5415525,1.1403745,3.0986526,-0.05285524,1.7775698,-0.09104704,-2.9549806,-5.445289,-7.5212684,-2.421839,-2.6375277,-6.336506,-3.2869601,-2.0296128,-2.420475,-1.4698828,-4.2628117,-6.2263527,-3.737462,-4.4531302,-4.9526834,-1.2767959,-1.5197589,-2.401926,-1.7754654,-3.594442,tutup
-444.21744,111.72716,-4.112223,11.414282,1.0215676,-12.662774,-6.1708117,-0.5170128,5.8991523,-8.159064,-9.268047,-1.7118555,-10.6952715,-11.9098835,-7.232766,-1.3272765,0.69089603,-2.4043868,0.22166163,-1.443137,-2.8868976,-1.8693445,-5.1492167,-3.6390789,-3.4490051,-6.4094973,-5.0320134,-2.8139544,-1.2722906,-3.77382,-6.8207507,-4.4507546,-3.0244558,-4.074659,-3.3738165,-1.0867971,-1.170862,-3.7428348,-3.5232625,-1.850072,tutup
-471.95163,94.20572,7.5970883,18.857328,4.6003184,-15.058327,-12.932498,-3.8694515,7.7287602,-4.8806643,-10.611366,0.25139946,-6.8370776,-14.638354,-8.675266,-1.7237383,-2.0731559,-5.7130346,-2.0343244,2.0205023,-1.1980066,-4.5578146,-3.9785593,-2.7370439,-3.3274214,-3.8926249,-2.530626,-0.9409523,-1.0731928,-0.793298,-1.7433698,-4.049507,-1.7030224,-1.2317116,-3.851853,-1.139845,-0.09286867,-2.115509,-1.9290813,-1.9460227,tutup
-428.1608,98.23156,5.579654,21.706793,3.0523355,-12.714533,-12.096189,-6.2267256,9.574175,-5.6753235,-12.010552,-1.004951,-8.412914,-12.741681,-6.913541,1.6609913,2.9826362,-1.759299,-0.21487796,-1.1190381,-3.2801757,-5.2581396,-6.789959,-2.2606192,-3.0619843,-6.161859,-3.0817444,-2.3284507,-2.8789089,-1.9388252,-4.101565,-5.3271093,-2.815422,-4.0706306,-5.398155,-2.1539717,-2.1617513,-2.9083943,-2.5012016,-4.116257,tutup
-244.465,69.56027,0.00027483667,3.365966,2.2917304,-7.830414,-5.231696,-0.3153559,0.94888103,-5.4644814,-6.20625,-3.4792538,-6.795967,-7.134342,-4.7112207,-1.3878108,-0.42518255,-1.0124195,-0.66061,-3.0232291,-3.6706817,-1.3643616,-0.060830344,0.026811477,-2.05234,-4.1039205,-3.3094754,-2.787169,-2.3950431,-2.5094657,-2.2932022,-1.93825,-2.138475,-2.645567,-1.9174209,-1.1063932,-1.8458484,-2.0465126,-1.1339198,-1.7721126,tutup
-382.34375,108.96526,-11.592994,13.220065,4.4039693,-8.477815,-3.8884344,-1.8468294,5.7225623,-8.480678,-10.829855,-4.5070944,-12.31215,-10.654733,-6.645615,-2.0583606,-0.36375174,-2.9935884,0.22778141,-1.0100895,-1.414513,-0.24918792,-2.635314,-2.3150964,-5.282971,-7.119327,-4.2864666,-2.2109249,-1.6178393,-4.9429665,-5.208801,-2.2278404,-2.7740555,-3.3848665,-2.5555146,-0.85292786,-0.7226724,-1.2940861,-0.3036802,-1.5089788,tutup
-431.4769,83.241745,12.435528,10.724465,-2.7410595,-10.9152155,-5.8205757,3.5171132,1.655755,-10.255559,-8.127249,-2.4467518,-8.68082,-9.707964,-2.5914857,1.5560406,-2.1756952,-4.167511,-0.10742531,-2.6605744,-4.3314495,-4.23255,-4.8438396,-5.5683703,-6.3542843,-3.5808828,-5.150587,-2.6226995,-3.3241858,-4.07092,-1.9965379,-3.7447765,-2.9263065,-3.6676085,-1.09371,-2.792858,-4.268297,-2.2209883,-4.7863727,-5.7264104,tutup
-201.07504,37.322086,12.422221,4.3705926,1.8610699,-4.933905,-6.2245264,-1.184835,0.16454734,-3.8794436,-5.345426,-2.6338353,-3.966986,-7.198021,-4.9226036,-1.2118598,-0.8311738,-0.71675456,-0.6846073,-0.5079271,0.0020242662,0.058566548,-1.3181156,-1.9642123,-2.9909308,-4.0266337,-3.0607321,-2.0546172,-1.8472403,-1.4438748,-0.66074973,-1.3394536,-2.5100925,-2.6974602,-2.275525,-1.5247918,-1.1573008,-0.07444638,0.29474437,-0.6436399,tutup
-387.89072,106.77471,-2.3811293,11.352992,2.2982962,-10.285165,-5.6368294,-0.39478436,5.391969,-8.248954,-10.084736,-2.456929,-10.7880125,-12.043332,-6.60415,-0.6098308,0.66335744,-2.764611,-0.5311265,-1.3554145,-2.8020673,-2.0681264,-4.8626986,-3.3714206,-3.108947,-6.22362,-5.2191896,-3.7291331,-2.9807758,-4.4865994,-6.770504,-4.649414,-3.0416257,-4.388659,-4.2465534,-1.7186695,-1.154852,-3.182281,-2.9440753,-1.8243728,tutup
-412.21002,120.33897,-13.881584,19.445082,-1.3704507,-10.966041,-4.3702545,-5.052246,6.099215,-8.444021,-6.5869765,-1.3997836,-9.468553,-6.325928,-7.6423306,-1.7576225,-0.131455,-3.800199,0.533579,-3.6836207,-4.1140447,-2.190245,-2.3241036,-0.30450344,-4.53897,-5.1294227,-4.4576693,-4.8004875,-2.05779,-3.108238,-3.4882562,-3.2339823,-3.7527754,-3.7745647,-3.5488877,-1.5711668,-2.9654043,-3.150934,-1.0846084,-3.5853338,tutup
-194.67357,49.180267,12.569664,5.327468,4.0479045,-5.850164,-8.357358,-0.63093,2.5492768,-5.518886,-8.217331,-3.4041464,-6.3717976,-12.108982,-8.490128,-1.4353573,-0.63744915,-2.6503222,-1.2329003,0.7433757,-0.18727031,-1.9222766,-2.4525776,-1.17884,-2.763453,-5.184303,-4.2280526,-1.4475008,-0.94428873,-2.3911026,-3.077368,-3.0267699,-2.4947429,-2.5735912,-3.8063047,-3.0539248,-1.6087296,-0.7397763,-0.37710133,-0.28932446,tutup
-420.25958,114.35028,-16.606817,12.435884,3.3723958,-9.416781,-3.4791617,-1.1537831,6.5868044,-9.138315,-11.128976,-4.598948,-12.802439,-11.006972,-7.8074484,-2.8553162,-1.4927858,-4.3698816,-0.2808614,-1.764225,-0.99741745,0.9701473,-2.2429612,-2.4118524,-5.750904,-6.444537,-3.0513897,-1.594826,-0.72484887,-4.1720533,-4.2705407,-0.88962877,-1.4385223,-2.2732365,-2.3653207,-0.81945455,-0.543398,-1.269579,-0.4756969,-2.4007568,tutup
-463.82285,115.279,20.57526,25.548716,13.320762,-10.142151,-18.289871,-9.157469,16.737347,5.4669967,-16.920313,-3.5712106,2.2532368,-13.165334,-14.531145,-1.6375711,1.0142646,-3.9172852,-2.899775,-1.0271205,-1.5597577,-3.577713,-3.9894009,-1.4082916,-3.9488323,-6.895,-4.9326572,-6.4527,-7.962958,-4.356027,-3.392567,-5.007782,-4.0621295,-4.604649,-6.411134,-5.6638947,-4.2738247,-1.6989383,-0.5896165,-3.096772,tutup
-214.34665,36.210304,13.276172,3.7646554,-0.42907435,-5.700156,-6.1710296,-1.072957,1.9236636,-2.3463497,-4.653196,-2.134858,-3.052867,-6.499789,-4.903203,-1.1079674,-0.86484003,-1.6803372,-0.4386547,0.6841458,0.5668876,-0.5277811,-1.5341885,-1.7551013,-2.3077037,-3.2213964,-2.7167318,-2.1805816,-2.3145485,-1.3391742,-1.0570438,-1.6439129,-2.739423,-2.9724672,-2.4245372,-1.7661035,-1.4660126,-0.64596325,0.06613225,-0.6277634,tutup
-443.22916,118.71956,17.69792,22.176773,6.484677,-14.768098,-19.977589,-8.866458,17.182112,0.45986703,-20.492022,-2.876977,-0.681889,-16.448248,-12.134594,1.8048695,0.9587066,-4.978365,-2.2422485,-0.19240996,-2.6575403,-4.674359,-4.262266,-4.411449,-7.610415,-7.199282,-5.088782,-7.1269717,-5.89922,-2.2220042,-4.2453628,-5.713541,-3.9657788,-5.401978,-6.0957146,-4.4796762,-3.536343,-1.9879544,-2.6665168,-3.5243497,tutup
-219.68219,53.96801,3.8020008,0.7965598,3.6682582,-4.8806696,-3.719964,4.395729,2.1310003,-7.223366,-8.043406,-4.441782,-6.1863074,-7.2455444,-3.8565004,-0.3072673,0.6461278,-0.10683627,-0.35983238,-0.7389108,-0.84993106,-1.0112076,-2.0578625,-3.9157195,-6.1715503,-4.729314,-1.3067591,-0.8368951,-2.947178,-4.142543,-2.181421,-1.9541544,-3.2098181,-2.3014576,-1.1314899,-1.2903813,-0.99375564,-0.58664334,-1.1605158,-1.7492025,tutup
-451.0751,99.21722,-2.785693,13.870674,2.064269,-11.945336,-6.6827536,0.47753906,8.749848,-4.8027215,-8.314626,-2.9171524,-9.350035,-10.778768,-7.2486014,-0.8815188,-0.9732,-3.9175096,-0.4641588,-2.113005,-3.1917737,-2.7387252,-3.48874,-1.5212111,-3.6120315,-5.4009085,-4.2703424,-2.9555788,-0.26197445,-0.9421775,-3.6106908,-4.292836,-2.7283902,-1.5746205,-2.308226,-0.7795379,-0.45839727,-2.6955965,-2.1978564,-1.7179016,tutup
-456.16977,112.32652,0.792312,19.323256,-0.5605937,-12.304406,-8.4720125,0.2847263,7.298068,-15.765121,-10.725796,-0.8113046,-14.331232,-11.3648615,-0.85456055,2.552389,-1.8954389,-4.1075335,-1.4789697,-3.094087,-3.8442225,-4.5700755,-3.8988993,-4.038482,-7.841182,-6.423376,-3.7192204,-5.053239,-5.4071565,-3.819201,-2.8074367,-2.3543665,-3.4316168,-3.8389168,-0.92941964,-0.463146,-2.0116382,-3.0313392,-4.2743034,-3.2685564,tutup
-464.12592,91.068474,8.54004,17.601976,7.4364014,-12.837223,-13.467425,-6.496795,7.518154,-0.2072413,-10.785632,-0.98427504,-2.7056932,-13.131138,-11.754377,-4.0136213,-0.661456,-4.823538,-5.6918273,-1.1946238,-0.64941144,-2.9705915,-3.634732,-3.0419896,-3.1133556,-4.025761,-3.9290571,-2.1878629,-1.3607131,-0.9618598,0.7171126,-1.1482446,-3.0979774,-0.4222301,-1.5644337,-3.6786492,-1.0863738,-0.4125976,-1.1280904,-1.2231408,tutup
-246.22241,52.091644,13.696515,5.5215135,2.278715,-8.787373,-11.632818,-1.8684397,4.527642,-4.153172,-8.521974,-3.4747384,-4.730503,-9.519611,-6.609754,-0.3490787,0.0044193626,-2.5070484,-1.0765921,0.80560666,-0.64566034,-1.5797548,-1.7231787,-1.5326222,-3.0214837,-4.1613445,-3.5162868,-2.9366279,-2.8532488,-2.961032,-2.7261465,-2.8710876,-3.4974704,-2.8686693,-2.710575,-1.623424,-0.57160443,-0.017788269,-0.27491066,-1.0709208,tutup
-359.35825,79.16059,-3.3901694,2.665301,-1.8999795,-10.817683,-4.533939,2.7699306,-12.343021,-14.386081,-10.239082,-9.177635,-8.40781,0.30867115,1.0918031,-1.1433642,-4.7682858,-0.1843038,-6.0715876,-3.3108344,-6.421089,-6.2018657,-5.439625,-4.999039,-2.4485166,-3.5936446,-5.1443777,-4.902019,1.2825705,-0.43993545,-1.8032963,-3.2980947,-1.0026463,-4.7492847,-4.8881645,-3.5737503,-4.9379053,-3.7837012,-4.627031,-4.6339335,tutup
-192.61261,58.939358,20.4092,13.731703,11.195059,-3.0654533,-14.563638,-12.580617,2.1624146,5.9825964,-3.8241165,-4.315416,1.7554444,-2.2129223,-9.459736,-9.651567,-3.9597554,-1.3305417,-2.9998226,-3.7735093,-0.675077,1.4921522,-0.7489283,-2.7660265,-0.69872737,-0.17586584,-2.6611712,-4.1407123,-3.1511705,-3.1423,-2.9966102,-1.5907692,-1.1382473,-1.418724,-0.8789993,-0.3743643,-0.44493777,-1.7928733,-3.317395,-3.352536,tutup
-424.83893,96.63418,-2.5388272,12.905244,2.325956,-11.270143,-6.893328,-0.2648173,8.222829,-4.3719344,-8.198137,-2.8256426,-8.963643,-10.924256,-7.251,-0.5865931,-0.44067475,-3.549204,-0.92747617,-2.779228,-3.799158,-3.0055523,-3.1619987,-1.3832462,-4.070829,-5.9273868,-4.334235,-3.308078,-1.2616463,-1.5833502,-3.5308225,-3.5081286,-1.923524,-1.6121573,-2.524768,-0.6970761,-0.1740993,-2.2795837,-1.9626746,-1.372384,tutup
-248.6472,72.91434,-0.9308982,4.2972493,2.104604,-8.244559,-5.1522894,-0.8896643,0.835175,-5.6139007,-5.8106675,-3.2354715,-6.9282484,-7.3352757,-4.8038645,-1.1903503,-0.8596542,-1.608957,-0.28458548,-2.5732496,-3.5468678,-1.5239083,-0.62961465,-0.25871605,-2.346198,-3.9200354,-2.9289968,-2.2875874,-1.6873859,-2.4273224,-3.6382906,-2.6691449,-2.2054474,-2.5921438,-1.9802146,-1.1089923,-1.8692229,-2.0578382,-1.0089546,-1.5833908,tutup
-434.76764,115.3424,14.073739,24.850945,2.4536936,-14.565171,-19.435986,-8.176617,22.39994,-2.1234274,-20.989525,0.37334636,-5.5485344,-19.497107,-11.300311,0.8366479,0.21150318,-5.3863616,-1.4259421,1.6548227,-1.9607843,-4.289285,-2.8958,-3.4592001,-7.052467,-6.157868,-4.067856,-5.2421775,-4.8594613,-2.1164925,-3.7893112,-6.29601,-2.680266,-4.996784,-8.297587,-3.3508816,-3.4483066,-3.2604675,-0.99438864,-2.872906,tutup
-213.99455,32.684616,11.694194,3.3942072,0.5369021,-5.126078,-6.176859,-1.3887708,0.5272208,-3.4831429,-5.59705,-2.605541,-2.8871229,-6.3466377,-5.385603,-1.2894417,-0.15161932,-0.5289853,0.15171894,0.18934743,0.4651694,0.38336375,-1.1855487,-1.5198903,-2.2401457,-3.2888134,-3.3062482,-2.2999837,-1.975433,-1.5703351,-1.3899255,-1.2559093,-1.9367467,-2.950922,-2.5127747,-1.1606067,-0.92009336,-0.99870247,-0.6738678,-0.24821813,tutup
-427.82486,103.6077,-2.5676868,9.943068,2.3328848,-10.573707,-5.4533052,-0.43076596,4.6861687,-8.401534,-9.897778,-2.43392,-10.327397,-11.231221,-5.8842125,-1.0394334,0.71136105,-1.4140342,0.48785332,-1.675018,-3.2844677,-1.6850681,-4.191918,-3.1484666,-3.397468,-7.1226044,-6.057739,-3.661122,-2.109893,-3.0185282,-4.9915457,-3.6315043,-3.1882322,-5.2426424,-5.0522118,-1.6759844,-0.65009284,-3.1453278,-3.2706082,-2.2389588,tutup
-228.74576,39.804234,10.923075,4.268361,1.6152611,-6.3246703,-7.2349973,-0.6098836,1.9060234,-3.6819687,-4.6967015,-1.2476097,-3.02177,-7.330456,-5.4058466,-1.2858107,-0.15009734,-1.1842998,-1.228315,-0.10522922,0.27771792,0.19005488,-1.1369534,-1.8381792,-2.083818,-3.4487724,-3.5206535,-2.6638036,-1.7443742,-1.982729,-1.6483955,-1.8238081,-2.5329123,-3.061044,-3.2930257,-1.4871438,-1.0921825,-1.575947,-0.8557974,-0.88167626,tutup
-386.6888,98.46676,22.098305,19.785597,1.8425108,-15.569941,-17.484735,0.37755838,10.326537,-6.3454423,-14.243505,-2.9358082,-5.723738,-15.730674,-7.631489,4.0287056,-0.0039004101,-5.6085176,-2.6918464,-1.1605976,-3.9390523,-5.843921,-6.257946,-6.413544,-5.7940817,-6.328126,-7.5586586,-5.319644,-3.3281991,-3.482484,-3.4148996,-5.2414203,-6.6392884,-4.646792,-2.6651068,-3.089277,-2.836738,-2.427403,-5.0289307,-4.6912785,tutup
-376.5218,88.18407,3.4131453,8.599657,-5.1755147,-15.991395,-11.965846,4.0467205,2.1986568,-14.618089,-12.1966715,-8.38003,-12.02575,-9.513792,-0.3072794,3.4745018,-4.863266,-3.2648385,-1.3298124,-2.769297,-3.9093637,-5.510731,-3.2286565,-5.048761,-6.401956,-4.9915924,-2.6547577,-5.26176,-4.068615,-3.118222,-5.39111,-3.1323352,-1.0590041,-2.7797039,-1.1996129,-1.0650034,-4.1463337,-3.747865,-2.5773456,-3.7772183,tutup
